	Company Common Name	ISIN	Exchange Name	Country of Headquarters	TRBC Economic Sector Name
TOTF.PA	Total SA	FR0000120271	NYSE EURONEXT - EURONEXT PARIS	France	Energy
BNPP.PA	BNP Paribas SA	FR0000131104	NYSE EURONEXT - EURONEXT PARIS	France	Financials
ASML.AS	ASML Holding NV	NL0010273215	NYSE EURONEXT - EURONEXT AMSTERDAM	Netherlands	Technology
AXAF.PA	AXA SA	FR0000120628	NYSE EURONEXT - EURONEXT PARIS	France	Financials
UNA.AS	Unilever NV	NL0000388619	NYSE EURONEXT - EURONEXT AMSTERDAM	Netherlands	Consumer Non-Cyclicals
LVMH.PA	LVMH Moet Hennessy Louis Vuitton SE	FR0000121014	NYSE EURONEXT - EURONEXT PARIS	France	Consumer Cyclicals
INGA.AS	ING Groep NV	NL0011821202	NYSE EURONEXT - EURONEXT AMSTERDAM	Netherlands	Financials
RDSa.AS	Royal Dutch Shell PLC	GB00B03MLX29	NYSE EURONEXT - EURONEXT AMSTERDAM	Netherlands	Energy
SOGN.PA	Societe Generale SA	FR0000130809	NYSE EURONEXT - EURONEXT PARIS	France	Financials
SASY.PA	Sanofi SA	FR0000120578	NYSE EURONEXT - EURONEXT PARIS	France	Healthcare
MT.AS	ArcelorMittal SA	LU1598757687	NYSE EURONEXT - EURONEXT AMSTERDAM	Luxembourg	Basic Materials
ABI.BR	Anheuser Busch Inbev NV	BE0974293251	NYSE EURONEXT - EURONEXT BRUSSELS	Belgium	Consumer Non-Cyclicals
AIR.PA	Airbus SE	NL0000235190	NYSE EURONEXT - EURONEXT PARIS	Netherlands	Industrials
CAGR.PA	Credit Agricole SA	FR0000045072	NYSE EURONEXT - EURONEXT PARIS	France	Financials
GLPG.AS	Galapagos NV	BE0003818359	NYSE EURONEXT - EURONEXT AMSTERDAM	Belgium	Healthcare
PRTP.PA	Kering SA	FR0000121485	NYSE EURONEXT - EURONEXT PARIS	France	Consumer Cyclicals
SCHN.PA	Schneider Electric SE	FR0000121972	NYSE EURONEXT - EURONEXT PARIS	France	Industrials
DANO.PA	Danone SA	FR0000120644	NYSE EURONEXT - EURONEXT PARIS	France	Consumer Non-Cyclicals
ENGIE.PA	Engie SA	FR0010208488	NYSE EURONEXT - EURONEXT PARIS	France	Utilities
OREP.PA	L'Oreal SA	FR0000120321	NYSE EURONEXT - EURONEXT PARIS	France	Consumer Non-Cyclicals
ORAN.PA	Orange SA	FR0000133308	NYSE EURONEXT - EURONEXT PARIS	France	Telecommunications Services
AIRP.PA	Air Liquide SA	FR0000120073	NYSE EURONEXT - EURONEXT PARIS	France	Basic Materials
SGEF.PA	Vinci SA	FR0000125486	NYSE EURONEXT - EURONEXT PARIS	France	Industrials
SAF.PA	Safran SA	FR0000073272	NYSE EURONEXT - EURONEXT PARIS	France	Industrials
AD.AS	Koninklijke Ahold Delhaize NV	NL0011794037	NYSE EURONEXT - EURONEXT AMSTERDAM	Netherlands	Consumer Non-Cyclicals
ESLX.PA	EssilorLuxottica SA	FR0000121667	NYSE EURONEXT - EURONEXT PARIS	France	Consumer Cyclicals
PHG.AS	Koninklijke Philips NV	NL0000009538	NYSE EURONEXT - EURONEXT AMSTERDAM	Netherlands	Healthcare
KBC.BR	KBC Groep NV	BE0003565737	NYSE EURONEXT - EURONEXT BRUSSELS	Belgium	Financials
RENA.PA	Renault SA	FR0000131906	NYSE EURONEXT - EURONEXT PARIS	France	Consumer Cyclicals
PEUP.PA	Peugeot SA	FR0000121501	NYSE EURONEXT - EURONEXT PARIS	France	Consumer Cyclicals
DSMN.AS	Koninklijke DSM NV	NL0000009827	NYSE EURONEXT - EURONEXT AMSTERDAM	Netherlands	Basic Materials
ABNd.AS	ABN Amro Bank NV	NL0011540547	NYSE EURONEXT - EURONEXT AMSTERDAM	Netherlands	Financials
VIV.PA	Vivendi SA	FR0000127771	NYSE EURONEXT - EURONEXT PARIS	France	Consumer Cyclicals
PERP.PA	Pernod Ricard SA	FR0000120693	NYSE EURONEXT - EURONEXT PARIS	France	Consumer Non-Cyclicals
AKZO.AS	Akzo Nobel NV	NL0013267909	NYSE EURONEXT - EURONEXT AMSTERDAM	Netherlands	Basic Materials
ILD.PA	Iliad SA	FR0004035913	NYSE EURONEXT - EURONEXT PARIS	France	Telecommunications Services
UMI.BR	Umicore SA	BE0974320526	NYSE EURONEXT - EURONEXT BRUSSELS	Belgium	Industrials
MICP.PA	Compagnie Generale des Etablissements Michelin SCA	FR0000121261	NYSE EURONEXT - EURONEXT PARIS	France	Consumer Cyclicals
PRX.AS	Prosus NV	NL0013654783	NYSE EURONEXT - EURONEXT AMSTERDAM	Netherlands	Technology
HEIN.AS	Heineken NV	NL0000009165	NYSE EURONEXT - EURONEXT AMSTERDAM	Netherlands	Consumer Non-Cyclicals
EXHO.PA	Sodexo SA	FR0000121220	NYSE EURONEXT - EURONEXT PARIS	France	Consumer Cyclicals
SOLB.BR	Solvay SA	BE0003470755	NYSE EURONEXT - EURONEXT BRUSSELS	Belgium	Basic Materials
SGOB.PA	Compagnie de Saint Gobain SA	FR0000125007	NYSE EURONEXT - EURONEXT PARIS	France	Consumer Cyclicals
ATCA.AS	Altice Europe NV	NL0011333752	NYSE EURONEXT - EURONEXT AMSTERDAM	Netherlands	Telecommunications Services
AEGN.AS	Aegon NV	NL0000303709	NYSE EURONEXT - EURONEXT AMSTERDAM	Netherlands	Financials
VLOF.PA	Valeo SA	FR0013176526	NYSE EURONEXT - EURONEXT PARIS	France	Consumer Cyclicals
VIE.PA	Veolia Environnement SA	FR0000124141	NYSE EURONEXT - EURONEXT PARIS	France	Utilities
NN.AS	NN Group NV	NL0010773842	NYSE EURONEXT - EURONEXT AMSTERDAM	Netherlands	Financials
ATOS.PA	Atos SE	FR0000051732	NYSE EURONEXT - EURONEXT PARIS	France	Technology
LEGD.PA	Legrand SA	FR0010307819	NYSE EURONEXT - EURONEXT PARIS	France	Industrials
TCFP.PA	Thales SA	FR0000121329	NYSE EURONEXT - EURONEXT PARIS	France	Industrials
BOUY.PA	Bouygues SA	FR0000120503	NYSE EURONEXT - EURONEXT PARIS	France	Industrials
DAST.PA	Dassault Systemes SE	FR0000130650	NYSE EURONEXT - EURONEXT PARIS	France	Technology
ADYEN.AS	Adyen NV	NL0012969182	NYSE EURONEXT - EURONEXT AMSTERDAM	Netherlands	Financials
WLSNc.AS	Wolters Kluwer NV	NL0000395903	NYSE EURONEXT - EURONEXT AMSTERDAM	Netherlands	Industrials
CAPP.PA	Capgemini SE	FR0000125338	NYSE EURONEXT - EURONEXT PARIS	France	Technology
ALSO.PA	Alstom SA	FR0010220475	NYSE EURONEXT - EURONEXT PARIS	France	Industrials
CNAT.PA	Natixis SA	FR0000120685	NYSE EURONEXT - EURONEXT PARIS	France	Financials
HRMS.PA	Hermes International SCA	FR0000052292	NYSE EURONEXT - EURONEXT PARIS	France	Consumer Cyclicals
KPN.AS	Koninklijke KPN NV	NL0000009082	NYSE EURONEXT - EURONEXT AMSTERDAM	Netherlands	Telecommunications Services
ARGX.BR	argenx SE	NL0010832176	NYSE EURONEXT - EURONEXT BRUSSELS	Netherlands	Healthcare
INGC.PA	Ingenico Group SA	FR0000125346	NYSE EURONEXT - EURONEXT PARIS	France	Technology
EPED.PA	Faurecia SE	FR0000121147	NYSE EURONEXT - EURONEXT PARIS	France	Consumer Cyclicals
PUBP.PA	Publicis Groupe SA	FR0000130577	NYSE EURONEXT - EURONEXT PARIS	France	Consumer Cyclicals
CARR.PA	Carrefour SA	FR0000120172	NYSE EURONEXT - EURONEXT PARIS	France	Consumer Non-Cyclicals
AKE.PA	Arkema SA	FR0010313833	NYSE EURONEXT - EURONEXT PARIS	France	Basic Materials
ACCP.PA	Accor SA	FR0000120404	NYSE EURONEXT - EURONEXT PARIS	France	Consumer Cyclicals
TEPRF.PA	Teleperformance SE	FR0000051807	NYSE EURONEXT - EURONEXT PARIS	France	Industrials
WLN.PA	Worldline SA	FR0011981968	NYSE EURONEXT - EURONEXT PARIS	France	Financials
ASMI.AS	ASM International NV	NL0000334118	NYSE EURONEXT - EURONEXT AMSTERDAM	Netherlands	Technology
EDEN.PA	Edenred SA	FR0010908533	NYSE EURONEXT - EURONEXT PARIS	France	Industrials
AGES.BR	Ageas SA	BE0974264930	NYSE EURONEXT - EURONEXT BRUSSELS	Belgium	Financials
EDP.LS	EDP Energias de Portugal SA	PTEDP0AM0009	NYSE EURONEXT - EURONEXT LISBON	Portugal	Utilities
AIRF.PA	Air France KLM SA	FR0000031122	NYSE EURONEXT - EURONEXT PARIS	France	Industrials
FOUG.PA	Eiffage SA	FR0000130452	NYSE EURONEXT - EURONEXT PARIS	France	Industrials
UBIP.PA	Ubisoft Entertainment SA	FR0000054470	NYSE EURONEXT - EURONEXT PARIS	France	Consumer Cyclicals
IMCD.AS	IMCD NV	NL0010801007	NYSE EURONEXT - EURONEXT AMSTERDAM	Netherlands	Basic Materials
LOIM.PA	Klepierre SA	FR0000121964	NYSE EURONEXT - EURONEXT PARIS	France	Financials
TKWY.AS	Takeaway.com NV	NL0012015705	NYSE EURONEXT - EURONEXT AMSTERDAM	Netherlands	Technology
VLLP.PA	Vallourec SA	FR0000120354	NYSE EURONEXT - EURONEXT PARIS	France	Energy
GALP.LS	Galp Energia SGPS SA	PTGAL0AM0009	NYSE EURONEXT - EURONEXT LISBON	Portugal	Energy
RAND.AS	Randstad NV	NL0000379121	NYSE EURONEXT - EURONEXT AMSTERDAM	Netherlands	Industrials
SEVI.PA	Suez SA	FR0010613471	NYSE EURONEXT - EURONEXT PARIS	France	Industrials
UCB.BR	Ucb SA	BE0003739530	NYSE EURONEXT - EURONEXT BRUSSELS	Belgium	Healthcare
BVI.PA	Bureau Veritas SA	FR0006174348	NYSE EURONEXT - EURONEXT PARIS	France	Industrials
KVW.AS	Koninklijke VolkerWessels NV	NL0012294466	NYSE EURONEXT - EURONEXT AMSTERDAM	Netherlands	Industrials
GFCP.PA	Gecina SA	FR0010040865	NYSE EURONEXT - EURONEXT PARIS	France	Financials
EDF.PA	Electricite de France SA	FR0010242511	NYSE EURONEXT - EURONEXT PARIS	France	Utilities
SBMO.AS	SBM Offshore NV	NL0000360618	NYSE EURONEXT - EURONEXT AMSTERDAM	Netherlands	Energy
GETP.PA	Getlink SE	FR0010533075	NYSE EURONEXT - EURONEXT PARIS	France	Industrials
PROX.BR	Proximus NV	BE0003810273	NYSE EURONEXT - EURONEXT BRUSSELS	Belgium	Telecommunications Services
ORP.PA	Orpea SA	FR0000184798	NYSE EURONEXT - EURONEXT PARIS	France	Healthcare
APAM.AS	Aperam SA	LU0569974404	NYSE EURONEXT - EURONEXT AMSTERDAM	Luxembourg	Basic Materials
LIGHT.AS	Signify NV	NL0011821392	NYSE EURONEXT - EURONEXT AMSTERDAM	Netherlands	Consumer Cyclicals
CASP.PA	Casino Guichard Perrachon SA	FR0000125585	NYSE EURONEXT - EURONEXT PARIS	France	Consumer Non-Cyclicals
SCOR.PA	Scor SE	FR0010411983	NYSE EURONEXT - EURONEXT PARIS	France	Financials
AMG.AS	AMG Advanced Metallurgical Group NV	NL0000888691	NYSE EURONEXT - EURONEXT AMSTERDAM	Netherlands	Basic Materials
AALB.AS	Aalberts NV	NL0000852564	NYSE EURONEXT - EURONEXT AMSTERDAM	Netherlands	Industrials
VOPA.AS	Koninklijke Vopak NV	NL0009432491	NYSE EURONEXT - EURONEXT AMSTERDAM	Netherlands	Energy
GEPH.PA	CGG SA	FR0013181864	NYSE EURONEXT - EURONEXT PARIS	France	Energy
BAMN.AS	Koninklijke BAM Groep NV	NL0000337319	NYSE EURONEXT - EURONEXT AMSTERDAM	Netherlands	Industrials
BOSN.AS	Koninklijke Boskalis Westminster NV	NL0000852580	NYSE EURONEXT - EURONEXT AMSTERDAM	Netherlands	Industrials
ETL.PA	Eutelsat Communications SA	FR0010221234	NYSE EURONEXT - EURONEXT PARIS	France	Telecommunications Services
ERMT.PA	Eramet SA	FR0000131757	NYSE EURONEXT - EURONEXT PARIS	France	Basic Materials
ASRNL.AS	ASR Nederland NV	NL0011872643	NYSE EURONEXT - EURONEXT AMSTERDAM	Netherlands	Financials
ENX.PA	Euronext NV	NL0006294274	NYSE EURONEXT - EURONEXT PARIS	Netherlands	Financials
CVO.PA	Covivio SA	FR0000064578	NYSE EURONEXT - EURONEXT PARIS	France	Financials
RUBF.PA	Rubis SCA	FR0013269123	NYSE EURONEXT - EURONEXT PARIS	France	Energy
EUFI.PA	Eurofins Scientific SE	FR0000038259	NYSE EURONEXT - EURONEXT PARIS	Luxembourg	Industrials
GBLB.BR	Groep Brussel Lambert NV	BE0003797140	NYSE EURONEXT - EURONEXT BRUSSELS	Belgium	Basic Materials
BCP.LS	Banco Comercial Portugues SA	PTBCP0AM0015	NYSE EURONEXT - EURONEXT LISBON	Portugal	Financials
PTNL.AS	PostNL NV	NL0009739416	NYSE EURONEXT - EURONEXT AMSTERDAM	Netherlands	Industrials
AMUN.PA	Amundi SA	FR0004125920	NYSE EURONEXT - EURONEXT PARIS	France	Financials
BICP.PA	Societe BIC SA	FR0000120966	NYSE EURONEXT - EURONEXT PARIS	France	Industrials
PHAR.AS	Pharming Group NV	NL0010391025	NYSE EURONEXT - EURONEXT AMSTERDAM	Netherlands	Healthcare
EUAV.BR	Euronav NV	BE0003816338	NYSE EURONEXT - EURONEXT BRUSSELS	Belgium	Energy
JCDX.PA	JCDecaux SA	FR0000077919	NYSE EURONEXT - EURONEXT PARIS	France	Consumer Cyclicals
IPN.PA	Ipsen SA	FR0010259150	NYSE EURONEXT - EURONEXT PARIS	France	Healthcare
BESI.AS	BE Semiconductor Industries NV	NL0012866412	NYSE EURONEXT - EURONEXT AMSTERDAM	Netherlands	Technology
RXL.PA	Rexel SA	FR0010451203	NYSE EURONEXT - EURONEXT PARIS	France	Industrials
JMT.LS	Jeronimo Martins SGPS SA	PTJMT0AE0001	NYSE EURONEXT - EURONEXT LISBON	Portugal	Consumer Non-Cyclicals
HEIO.AS	Heineken Holding NV	NL0000008977	NYSE EURONEXT - EURONEXT AMSTERDAM	Netherlands	Consumer Non-Cyclicals
ADP.PA	Aeroports de Paris SA	FR0010340141	NYSE EURONEXT - EURONEXT PARIS	France	Industrials
RCOP.PA	Remy Cointreau SA	FR0000130395	NYSE EURONEXT - EURONEXT PARIS	France	Consumer Non-Cyclicals
WDPP.BR	Warehouses de Pauw Comm VA	BE0003763779	NYSE EURONEXT - EURONEXT BRUSSELS	Belgium	Financials
BIOX.PA	Biomerieux SA	FR0013280286	NYSE EURONEXT - EURONEXT PARIS	France	Healthcare
EURA.PA	Eurazeo SE	FR0000121121	NYSE EURONEXT - EURONEXT PARIS	France	Financials
ALTT.PA	Altran Technologies SA	FR0000034639	NYSE EURONEXT - EURONEXT PARIS	France	Industrials
MWDP.PA	Wendel SE	FR0000121204	NYSE EURONEXT - EURONEXT PARIS	France	Industrials
IMTP.PA	Imerys SA	FR0000120859	NYSE EURONEXT - EURONEXT PARIS	France	Basic Materials
CNPP.PA	CNP Assurances SA	FR0000120222	NYSE EURONEXT - EURONEXT PARIS	France	Financials
COLR.BR	Etablissementen Franz Colruyt NV	BE0974256852	NYSE EURONEXT - EURONEXT BRUSSELS	Belgium	Consumer Non-Cyclicals
LAGA.PA	Lagardere SCA	FR0000130213	NYSE EURONEXT - EURONEXT PARIS	France	Consumer Cyclicals
STDM.PA	Sartorius Stedim Biotech SA	FR0013154002	NYSE EURONEXT - EURONEXT PARIS	France	Healthcare
FUGRc.AS	Fugro NV	NL0000352565	NYSE EURONEXT - EURONEXT AMSTERDAM	Netherlands	Energy
SPIE.PA	Spie SA	FR0012757854	NYSE EURONEXT - EURONEXT PARIS	France	Industrials
SEBF.PA	SEB SA	FR0000121709	NYSE EURONEXT - EURONEXT PARIS	France	Consumer Cyclicals
SOIT.PA	Soitec SA	FR0013227113	NYSE EURONEXT - EURONEXT PARIS	France	Technology
BPOST.BR	Bpost SA	BE0974268972	NYSE EURONEXT - EURONEXT BRUSSELS	Belgium	Industrials
DIOR.PA	Christian Dior SE	FR0000130403	NYSE EURONEXT - EURONEXT PARIS	France	Consumer Cyclicals
TNET.BR	Telenet Group Holding NV	BE0003826436	NYSE EURONEXT - EURONEXT BRUSSELS	Belgium	Telecommunications Services
NEXS.PA	Nexans SA	FR0000044448	NYSE EURONEXT - EURONEXT PARIS	France	Industrials
AVMD.PA	Dassault Aviation SA	FR0000121725	NYSE EURONEXT - EURONEXT PARIS	France	Industrials
BOLL.PA	Bollore SA	FR0000039299	NYSE EURONEXT - EURONEXT PARIS	France	Consumer Cyclicals
BAR.BR	Barco NV	BE0003790079	NYSE EURONEXT - EURONEXT BRUSSELS	Belgium	Technology
ICAD.PA	Icade SA	FR0000035081	NYSE EURONEXT - EURONEXT PARIS	France	Financials
NOS.LS	NOS SGPS SA	PTZON0AM0006	NYSE EURONEXT - EURONEXT LISBON	Portugal	Telecommunications Services
GNFT.PA	Genfit SA	FR0004163111	NYSE EURONEXT - EURONEXT PARIS	France	Healthcare
ELIS.PA	Elis SA	FR0012435121	NYSE EURONEXT - EURONEXT PARIS	France	Industrials
GTT.PA	Gaztransport et Technigaz SA	FR0011726835	NYSE EURONEXT - EURONEXT PARIS	France	Energy
FLOW.AS	Flow Traders NV	NL0011279492	NYSE EURONEXT - EURONEXT AMSTERDAM	Netherlands	Financials
ONTEX.BR	Ontex Group NV	BE0974276082	NYSE EURONEXT - EURONEXT BRUSSELS	Belgium	Consumer Non-Cyclicals
OCI.AS	OCI NV	NL0010558797	NYSE EURONEXT - EURONEXT AMSTERDAM	Netherlands	Basic Materials
BFIT.AS	Basic Fit NV	NL0011872650	NYSE EURONEXT - EURONEXT AMSTERDAM	Netherlands	Consumer Cyclicals
TOM2.AS	TomTom NV	NL0013332471	NYSE EURONEXT - EURONEXT AMSTERDAM	Netherlands	Technology
EUCAR.PA	Europcar Mobility Group SA	FR0012789949	NYSE EURONEXT - EURONEXT PARIS	France	Industrials
SOPR.PA	Sopra Steria Group SA	FR0000050809	NYSE EURONEXT - EURONEXT PARIS	France	Technology
PLOF.PA	Compagnie Plastic Omnium SA	FR0000124570	NYSE EURONEXT - EURONEXT PARIS	France	Consumer Cyclicals
COFB.BR	Cofinimmo SA	BE0003593044	NYSE EURONEXT - EURONEXT BRUSSELS	Belgium	Financials
ALS30.PA	Solutions 30 SE	FR0013379484	NYSE EURONEXT - ALTERNEXT PARIS	Luxembourg	Technology
AVQ.PA	Claranova SA	FR0013426004	NYSE EURONEXT - EURONEXT PARIS	France	Technology
ALSS.LS	Altri SGPS SA	PTALT0AE0002	NYSE EURONEXT - EURONEXT LISBON	Portugal	Basic Materials
SOF.BR	Sofina SA	BE0003717312	NYSE EURONEXT - EURONEXT BRUSSELS	Belgium	Financials
MLXS.BR	Melexis NV	BE0165385973	NYSE EURONEXT - EURONEXT BRUSSELS	Belgium	Technology
BEKB.BR	NV Bekaert SA	BE0974258874	NYSE EURONEXT - EURONEXT BRUSSELS	Belgium	Industrials
CTT.LS	CTT Correios de Portugal SA	PTCTT0AM0001	NYSE EURONEXT - EURONEXT LISBON	Portugal	Industrials
AOO.BR	Aedifica SA	BE0003851681	NYSE EURONEXT - EURONEXT BRUSSELS	Belgium	Financials
KORI.PA	Korian SA	FR0010386334	NYSE EURONEXT - EURONEXT PARIS	France	Healthcare
NVGR.LS	Navigator Company SA	PTPTI0AM0006	NYSE EURONEXT - EURONEXT LISBON	Portugal	Basic Materials
ACKB.BR	Ackermans & Van Haaren NV	BE0003764785	NYSE EURONEXT - EURONEXT BRUSSELS	Belgium	Industrials
TWKNc.AS	TKH Group NV	NL0000852523	NYSE EURONEXT - EURONEXT AMSTERDAM	Netherlands	Industrials
LTEN.PA	Alten SA	FR0000071946	NYSE EURONEXT - EURONEXT PARIS	France	Technology
IETB.BR	D'Ieteren SA	BE0974259880	NYSE EURONEXT - EURONEXT BRUSSELS	Belgium	Consumer Cyclicals
MDM.PA	Maisons du Monde SA	FR0013153541	NYSE EURONEXT - EURONEXT PARIS	France	Consumer Cyclicals
ROBF.PA	Robertet SA	FR0000039091	NYSE EURONEXT - EURONEXT PARIS	France	Basic Materials
WEHA.AS	Wereldhave NV	NL0000289213	NYSE EURONEXT - EURONEXT AMSTERDAM	Netherlands	Financials
FAGRO.BR	Fagron NV	BE0003874915	NYSE EURONEXT - EURONEXT BRUSSELS	Belgium	Healthcare
INTER.AS	Intertrust NV	NL0010937058	NYSE EURONEXT - EURONEXT AMSTERDAM	Netherlands	Industrials
SIPFc.AS	Eurocommercial Properties NV	NL0000288876	NYSE EURONEXT - EURONEXT AMSTERDAM	Netherlands	Financials
NEXI.PA	Nexity SA	FR0010112524	NYSE EURONEXT - EURONEXT PARIS	France	Financials
ELI.BR	Elia System Operator SA	BE0003822393	NYSE EURONEXT - EURONEXT BRUSSELS	Belgium	Utilities
GVNV.AS	Grandvision NV	NL0010937066	NYSE EURONEXT - EURONEXT AMSTERDAM	Netherlands	Consumer Cyclicals
AGFB.BR	Agfa Gevaert NV	BE0003755692	NYSE EURONEXT - EURONEXT BRUSSELS	Belgium	Healthcare
ARDS.AS	Arcadis NV	NL0006237562	NYSE EURONEXT - EURONEXT AMSTERDAM	Netherlands	Industrials
TFFP.PA	Television Francaise 1 SA	FR0000054900	NYSE EURONEXT - EURONEXT PARIS	France	Consumer Cyclicals
HEIJ.AS	Heijmans NV	NL0009269109	NYSE EURONEXT - EURONEXT AMSTERDAM	Netherlands	Industrials
ORDN.AS	Ordina NV	NL0000440584	NYSE EURONEXT - EURONEXT AMSTERDAM	Netherlands	Technology
AKA.PA	Akka Technologies Se	FR0004180537	NYSE EURONEXT - EURONEXT PARIS	Belgium	Industrials
RENE.LS	Ren Redes Energeticas Nacionais SGPS SA	PTREL0AM0008	NYSE EURONEXT - EURONEXT LISBON	Portugal	Utilities
ELIOR.PA	Elior Group SA	FR0011950732	NYSE EURONEXT - EURONEXT PARIS	France	Consumer Cyclicals
FNAC.PA	Fnac Darty SA	FR0011476928	NYSE EURONEXT - EURONEXT PARIS	France	Consumer Cyclicals
KBCA.BR	KBC Ancora BV	BE0003867844	NYSE EURONEXT - EURONEXT BRUSSELS	Belgium	Financials
CORB.AS	Corbion NV	NL0010583399	NYSE EURONEXT - EURONEXT AMSTERDAM	Netherlands	Basic Materials
LOTB.BR	Lotus Bakeries NV	BE0003604155	NYSE EURONEXT - EURONEXT BRUSSELS	Belgium	Consumer Non-Cyclicals
DBV.PA	DBV Technologies SA	FR0010417345	NYSE EURONEXT - EURONEXT PARIS	France	Healthcare
LAEP.PA	Latecoere SA	FR0000032278	NYSE EURONEXT - EURONEXT PARIS	France	Industrials
YSO.LS	Sonae SGPS SA	PTSON0AM0001	NYSE EURONEXT - EURONEXT LISBON	Portugal	Consumer Non-Cyclicals
ALKLK.PA	Kerlink SA	FR0013156007	NYSE EURONEXT - ALTERNEXT PARIS	France	Technology
MERY.PA	Mercialys SA	FR0010241638	NYSE EURONEXT - EURONEXT PARIS	France	Financials
TRIA.PA	Trigano SA	FR0005691656	NYSE EURONEXT - EURONEXT PARIS	France	Consumer Cyclicals
COFA.PA	Coface SA	FR0010667147	NYSE EURONEXT - EURONEXT PARIS	France	Financials
BEFB.BR	Befimmo SA	BE0003678894	NYSE EURONEXT - EURONEXT BRUSSELS	Belgium	Financials
SIFG.AS	Sif Holding NV	NL0011660485	NYSE EURONEXT - EURONEXT AMSTERDAM	Netherlands	Energy
KDS.AS	Kiadis Pharma NV	NL0011323407	NYSE EURONEXT - EURONEXT AMSTERDAM	Netherlands	Healthcare
IPH.PA	Innate Pharma SA	FR0010331421	NYSE EURONEXT - EURONEXT PARIS	France	Healthcare
GREENY.BR	Greenyard NV	BE0003765790	NYSE EURONEXT - EURONEXT BRUSSELS	Belgium	Consumer Non-Cyclicals
TKTT.PA	Tarkett SA	FR0004188670	NYSE EURONEXT - EURONEXT PARIS	France	Consumer Cyclicals
BRUN.AS	Brunel International NV	NL0010776944	NYSE EURONEXT - EURONEXT AMSTERDAM	Netherlands	Industrials
ABS.PA	AB Science SA	FR0010557264	NYSE EURONEXT - EURONEXT PARIS	France	Healthcare
MMTP.PA	Metropole Television SA	FR0000053225	NYSE EURONEXT - EURONEXT PARIS	France	Consumer Cyclicals
CLNV.PA	Cellnovo Group SA	FR0012633360	NYSE EURONEXT - EURONEXT PARIS	France	Technology
BCART.BR	Biocartis Group NV	BE0974281132	NYSE EURONEXT - EURONEXT BRUSSELS	Belgium	Healthcare
CARM.PA	Carmila SA	FR0010828137	NYSE EURONEXT - EURONEXT PARIS	France	Financials
DVTM.PA	Devoteam SA	FR0000073793	NYSE EURONEXT - EURONEXT PARIS	France	Technology
ALDA.PA	ALD SA	FR0013258662	NYSE EURONEXT - EURONEXT PARIS	France	Industrials
HLAN.AS	HAL Trust	BMG455841020	NYSE EURONEXT - EURONEXT AMSTERDAM	Monaco	Financials
EDPR.LS	EDP Renovaveis SA	ES0127797019	NYSE EURONEXT - EURONEXT LISBON	Spain	Utilities
VRLA.PA	Verallia SASU	FR0013447729	NYSE EURONEXT - EURONEXT PARIS	France	Financials
BSGR.AS	B&S Group SA	LU1789205884	NYSE EURONEXT - EURONEXT AMSTERDAM	Luxembourg	Industrials
TCH.PA	Technicolor SA	FR0010918292	NYSE EURONEXT - EURONEXT PARIS	France	Consumer Cyclicals
MOTA.LS	Mota Engil SGPS SA	PTMEN0AE0005	NYSE EURONEXT - EURONEXT LISBON	Portugal	Industrials
FFPP.PA	FFP SA	FR0000064784	NYSE EURONEXT - EURONEXT PARIS	France	Financials
GFII.PA	Lisi SA	FR0000050353	NYSE EURONEXT - EURONEXT PARIS	France	Industrials
NANOB.PA	Nanobiotix SA	FR0011341205	NYSE EURONEXT - EURONEXT PARIS	France	Healthcare
VIRB.PA	Virbac SA	FR0000031577	NYSE EURONEXT - EURONEXT PARIS	France	Healthcare
SEM.LS	Semapa Sociedade de Investimento e Gestao SGPS SA	PTSEM0AM0004	NYSE EURONEXT - EURONEXT LISBON	Portugal	Basic Materials
PHRA.LS	Pharol SGPS SA	PTPTC0AM0009	NYSE EURONEXT - EURONEXT LISBON	Portugal	Telecommunications Services
CBLP.PA	Mersen SA	FR0000039620	NYSE EURONEXT - EURONEXT PARIS	France	Technology
LOCAL.PA	Solocal Group SA	FR0012938884	NYSE EURONEXT - EURONEXT PARIS	France	Technology
ISOS.PA	Ipsos SA	FR0000073298	NYSE EURONEXT - EURONEXT PARIS	France	Consumer Cyclicals
FFARM.AS	ForFarmers NV	NL0011832811	NYSE EURONEXT - EURONEXT AMSTERDAM	Netherlands	Consumer Non-Cyclicals
VASN.AS	Vastned Retail NV	NL0000288918	NYSE EURONEXT - EURONEXT AMSTERDAM	Netherlands	Financials
KOF.PA	Kaufman & Broad SA	FR0004007813	NYSE EURONEXT - EURONEXT PARIS	France	Consumer Cyclicals
QDT.PA	Quadient SA	FR0000120560	NYSE EURONEXT - EURONEXT PARIS	France	Technology
VLAN.AS	Van Lanschot Kempen NV	NL0000302636	NYSE EURONEXT - EURONEXT AMSTERDAM	Netherlands	Financials
CFEB.BR	Aannemingsmaatschappij Cfe NV	BE0003883031	NYSE EURONEXT - EURONEXT BRUSSELS	Belgium	Industrials
ABIO.PA	Albioma SA	FR0000060402	NYSE EURONEXT - EURONEXT PARIS	France	Utilities
CHBE.PA	Beneteau SA	FR0000035164	NYSE EURONEXT - EURONEXT PARIS	France	Consumer Cyclicals
MITRA.BR	Mithra Pharmaceuticals SA	BE0974283153	NYSE EURONEXT - EURONEXT BRUSSELS	Belgium	Healthcare
DBG.PA	Derichebourg SA	FR0000053381	NYSE EURONEXT - EURONEXT PARIS	France	Industrials
ASIT.BR	Asit Biotech SA	BE0974289218	NYSE EURONEXT - EURONEXT BRUSSELS	Belgium	Healthcare
SMCP.PA	SMCP SA	FR0013214145	NYSE EURONEXT - EURONEXT PARIS	France	Consumer Cyclicals
SLIGR.AS	Sligro Food Group NV	NL0000817179	NYSE EURONEXT - EURONEXT AMSTERDAM	Netherlands	Consumer Non-Cyclicals
TESB.BR	Tessenderlo Group NV	BE0003555639	NYSE EURONEXT - EURONEXT BRUSSELS	Belgium	Basic Materials
PLVP.PA	Plastiques du Val de Loire SA	FR0013252186	NYSE EURONEXT - EURONEXT PARIS	France	Basic Materials
ALCJ.PA	Crossject SA	FR0011716265	NYSE EURONEXT - ALTERNEXT PARIS	France	Healthcare
VCTP.PA	Vicat SA	FR0000031775	NYSE EURONEXT - EURONEXT PARIS	France	Basic Materials
LECS.PA	Lectra SA	FR0000065484	NYSE EURONEXT - EURONEXT PARIS	France	Technology
CRIP.PA	Chargeurs SA	FR0000130692	NYSE EURONEXT - EURONEXT PARIS	France	Consumer Cyclicals
RETE.BR	Retail Estates NV	BE0003720340	NYSE EURONEXT - EURONEXT BRUSSELS	Belgium	Financials
KIPO.BR	Kinepolis Group NV	BE0974274061	NYSE EURONEXT - EURONEXT BRUSSELS	Belgium	Consumer Cyclicals
MANP.PA	Manitou BF SA	FR0000038606	NYSE EURONEXT - EURONEXT PARIS	France	Industrials
GENC.PA	Rallye SA	FR0000060618	NYSE EURONEXT - EURONEXT PARIS	France	Consumer Non-Cyclicals
NEOEN.PA	Neoen SA	FR0011675362	NYSE EURONEXT - EURONEXT PARIS	France	Energy
POXEL.PA	Poxel SA	FR0012432516	NYSE EURONEXT - EURONEXT PARIS	France	Healthcare
BGBN.PA	Bigben Interactive SA	FR0000074072	NYSE EURONEXT - EURONEXT PARIS	France	Consumer Cyclicals
OBEL.BR	Orange Belgium SA	BE0003735496	NYSE EURONEXT - EURONEXT BRUSSELS	Belgium	Telecommunications Services
PRIF.BR	Intervest Offices & Warehouses NV	BE0003746600	NYSE EURONEXT - EURONEXT BRUSSELS	Belgium	Financials
XIOR.BR	Xior Student Housing NV	BE0974288202	NYSE EURONEXT - EURONEXT BRUSSELS	Belgium	Financials
ROTH.PA	Rothschild & Co SCA	FR0000031684	NYSE EURONEXT - EURONEXT PARIS	France	Financials
GIMV.BR	Gimv Investeringsmaatschappij Voor Vlanderen NV	BE0003699130	NYSE EURONEXT - EURONEXT BRUSSELS	Belgium	Financials
VILM.PA	Vilmorin & Cie SA	FR0000052516	NYSE EURONEXT - EURONEXT PARIS	France	Consumer Non-Cyclicals
ALFEN.AS	Alfen NV	NL0012817175	NYSE EURONEXT - EURONEXT AMSTERDAM	Netherlands	Industrials
ACCG.AS	Accell Group NV	NL0009767532	NYSE EURONEXT - EURONEXT AMSTERDAM	Netherlands	Consumer Cyclicals
ALCLS.PA	Cellectis SA	FR0010425595	NYSE EURONEXT - ALTERNEXT PARIS	France	Healthcare
MAUP.PA	Etablissements Maurel et Prom SA	FR0000051070	NYSE EURONEXT - EURONEXT PARIS	France	Energy
MONTE.BR	Montea Comm VA	BE0003853703	NYSE EURONEXT - EURONEXT BRUSSELS	Belgium	Financials
RECT.BR	Recticel NV	BE0003656676	NYSE EURONEXT - EURONEXT BRUSSELS	Belgium	Basic Materials
IPAR.PA	Interparfums SA	FR0004024222	NYSE EURONEXT - EURONEXT PARIS	France	Consumer Non-Cyclicals
VTX.PA	Voluntis SA	FR0004183960	NYSE EURONEXT - EURONEXT PARIS	France	Technology
CYAD.BR	Celyad SA	BE0974260896	NYSE EURONEXT - EURONEXT BRUSSELS	Belgium	Healthcare
ACPH.BR	Acacia Pharma Group PLC	GB00BYWF9Y76	NYSE EURONEXT - EURONEXT BRUSSELS	United Kingdom	Healthcare
CORA.LS	Corticeira Amorim SGPS SA	PTCOR0AE0006	NYSE EURONEXT - EURONEXT LISBON	Portugal	Basic Materials
IMAF.PA	Altarea SCA	FR0000033219	NYSE EURONEXT - EURONEXT PARIS	France	Financials
SVEL.AS	Kendrion NV	NL0000852531	NYSE EURONEXT - EURONEXT AMSTERDAM	Netherlands	Industrials
BE0944264663.BR	Scr Sibelco NV	BE0944264663	EURONEXT - VENTES PUBLIQUES BRUSSELS	Belgium	Basic Materials
VELD.BR	Van de Velde NV	BE0003839561	NYSE EURONEXT - EURONEXT BRUSSELS	Belgium	Consumer Cyclicals
AVOM.PA	Avenir Telecom SA	FR0000066052	NYSE EURONEXT - EURONEXT PARIS	France	Consumer Cyclicals
GVI.PA	Genomic Vision SA	FR0011799907	NYSE EURONEXT - EURONEXT PARIS	France	Healthcare
AJAX.AS	AFC Ajax NV	NL0000018034	NYSE EURONEXT - EURONEXT AMSTERDAM	Netherlands	Consumer Cyclicals
CPINV.BR	Care Property Invest NV	BE0974273055	NYSE EURONEXT - EURONEXT BRUSSELS	Belgium	Financials
LNA.PA	LNA Sante SA	FR0004170017	NYSE EURONEXT - EURONEXT PARIS	France	Healthcare
DAMA.PA	Somfy SA	FR0013199916	NYSE EURONEXT - EURONEXT PARIS	France	Consumer Cyclicals
SHUR.BR	Shurgard Self Storage SA	LU1883301340	NYSE EURONEXT - EURONEXT BRUSSELS	Luxembourg	Industrials
BOND.PA	Bonduelle SA	FR0000063935	NYSE EURONEXT - EURONEXT PARIS	France	Consumer Non-Cyclicals
VGP1.BR	VGP NV	BE0003878957	NYSE EURONEXT - EURONEXT BRUSSELS	Belgium	Financials
AUBT.PA	Aubay SA	FR0000063737	NYSE EURONEXT - EURONEXT PARIS	France	Technology
RBEN.AS	Robeco Global Stars Equities Fund NV	NL0000289783	NYSE EURONEXT - EURONEXT AMSTERDAM	Netherlands	Financials
LNRE.BR	Leasinvest Real Estate SCA	BE0003770840	NYSE EURONEXT - EURONEXT BRUSSELS	Belgium	Financials
BNAB.BR	Banque Nationale De Belgique SA	BE0003008019	NYSE EURONEXT - EURONEXT BRUSSELS	Belgium	Financials
NIBC.AS	NIBC Holding NV	NL0012756316	NYSE EURONEXT - EURONEXT AMSTERDAM	Netherlands	Financials
ALLDL.PA	Groupe LDLC SA	FR0000075442	NYSE EURONEXT - ALTERNEXT PARIS	France	Consumer Cyclicals
LFDE.PA	La Francaise de l Energie SA	FR0013030152	NYSE EURONEXT - EURONEXT PARIS	France	Energy
ECONB.BR	Econocom Group SE	BE0974313455	NYSE EURONEXT - EURONEXT BRUSSELS	Belgium	Technology
ALVMG.PA	Visiomed Group SA	FR0011067669	NYSE EURONEXT - ALTERNEXT PARIS	France	Healthcare
NSTEc.AS	NSI NV	NL0012365084	NYSE EURONEXT - EURONEXT AMSTERDAM	Netherlands	Financials
IBAB.BR	Ion Beam Applications SA	BE0003766806	NYSE EURONEXT - EURONEXT BRUSSELS	Belgium	Healthcare
TUB.BR	Financiere de Tubize SA	BE0003823409	NYSE EURONEXT - EURONEXT BRUSSELS	Belgium	Healthcare
JCQ.PA	Jacquet Metal Service SA	FR0000033904	NYSE EURONEXT - EURONEXT PARIS	France	Basic Materials
GFLO.PA	Groupe Flo SA	FR0004076891	NYSE EURONEXT - EURONEXT PARIS	France	Consumer Cyclicals
ASY.PA	Assystem SA	FR0000074148	NYSE EURONEXT - EURONEXT PARIS	France	Industrials
SIFB.BR	Sipef NV	BE0003898187	NYSE EURONEXT - EURONEXT BRUSSELS	Belgium	Consumer Non-Cyclicals
CBOS.BR	Compagnie du Bois Sauvage SA	BE0003592038	NYSE EURONEXT - EURONEXT BRUSSELS	Belgium	Financials
ALLEX.PA	Lexibook Linguistic Electronic System SA	FR0000033599	NYSE EURONEXT - ALTERNEXT PARIS	France	Technology
SONAC.LS	Sonae Capital SGPS SA	PTSNP0AE0008	NYSE EURONEXT - EURONEXT LISBON	Portugal	Industrials
WEHB.BR	Wereldhave Belgium Comm VA	BE0003724383	NYSE EURONEXT - EURONEXT BRUSSELS	Belgium	Financials
ERYP.PA	Erytech Pharma SA	FR0011471135	NYSE EURONEXT - EURONEXT PARIS	France	Healthcare
ALVDM.PA	Voyageurs du Monde SA	FR0004045847	NYSE EURONEXT - ALTERNEXT PARIS	France	Consumer Cyclicals
MCPHY.PA	McPhy Energy SAS	FR0011742329	NYSE EURONEXT - EURONEXT PARIS	France	Industrials
ALMDG.PA	Mgi Digital Technology SA	FR0010353888	NYSE EURONEXT - ALTERNEXT PARIS	France	Technology
GOEG.PA	Groupe Gorge SA	FR0000062671	NYSE EURONEXT - EURONEXT PARIS	France	Industrials
2CRSI.PA	2Crsi SA	FR0013341781	NYSE EURONEXT - EURONEXT PARIS	France	Technology
SIOE.BR	Sioen Industries NV	BE0003743573	NYSE EURONEXT - EURONEXT BRUSSELS	Belgium	Basic Materials
AKW.PA	Akwel SA	FR0000053027	NYSE EURONEXT - EURONEXT PARIS	France	Consumer Cyclicals
PHAI.PA	Pharmagest Interactive SA	FR0012882389	NYSE EURONEXT - EURONEXT PARIS	France	Technology
ARGAN.PA	Argan SA	FR0010481960	NYSE EURONEXT - EURONEXT PARIS	France	Financials
TKOO.PA	Tikehau Capital SCA	FR0013230612	NYSE EURONEXT - EURONEXT PARIS	France	Financials
ALGIL.PA	Groupe Guillin SA	FR0012819381	NYSE EURONEXT - ALTERNEXT PARIS	France	Basic Materials
MDXH.BR	MDxHealth SA	BE0003844611	NYSE EURONEXT - EURONEXT BRUSSELS	Belgium	Healthcare
TDSA.LS	Teixeira Duarte SA	PTTD10AM0000	NYSE EURONEXT - EURONEXT LISBON	Portugal	Industrials
IDLA.PA	ID Logistics SAS	FR0010929125	NYSE EURONEXT - EURONEXT PARIS	France	Industrials
XFAB.PA	X Fab Silicon Foundries EV	BE0974310428	NYSE EURONEXT - EURONEXT PARIS	Belgium	Technology
CADNi.PA	Caisse Regionale de Credit Agricole Mutuel de Nord de France SC	FR0000185514	NYSE EURONEXT - EURONEXT PARIS	France	Financials
HUDN.AS	Hunter Douglas NV	ANN4327C1220	NYSE EURONEXT - EURONEXT AMSTERDAM	Netherlands	Consumer Cyclicals
BITI.PA	ABC Arbitrage SA	FR0004040608	NYSE EURONEXT - EURONEXT PARIS	France	Financials
SRPG.PA	SRP Groupe SA	FR0013006558	NYSE EURONEXT - EURONEXT PARIS	France	Consumer Cyclicals
ABVX.PA	Abivax SA	FR0012333284	NYSE EURONEXT - EURONEXT PARIS	France	Healthcare
WAVE.PA	Wavestone SA	FR0013357621	NYSE EURONEXT - EURONEXT PARIS	France	Technology
ALREA.PA	Realites SA	FR0011858190	NYSE EURONEXT - ALTERNEXT PARIS	France	Financials
GPBN.PA	Bourbon Corporation SA	FR0004548873	NYSE EURONEXT - EURONEXT PARIS	France	Energy
ALQGC.PA	Quantum Genomics SA	FR0011648971	NYSE EURONEXT - ALTERNEXT PARIS	France	Healthcare
EXMR.BR	Exmar NV	BE0003808251	NYSE EURONEXT - EURONEXT BRUSSELS	Belgium	Energy
STF.PA	Stef SA	FR0000064271	NYSE EURONEXT - EURONEXT PARIS	France	Industrials
NEDP.AS	Nedap NV	NL0000371243	NYSE EURONEXT - EURONEXT AMSTERDAM	Netherlands	Technology
VLS.PA	Valneva SE	FR0004056851	NYSE EURONEXT - EURONEXT PARIS	France	Healthcare
ALSPW.PA	Spineway SA	FR0011398874	NYSE EURONEXT - ALTERNEXT PARIS	France	Healthcare
TESI.PA	Tessi SA	FR0004529147	NYSE EURONEXT - EURONEXT PARIS	France	Technology
PYHE.PA	Haulotte Group SA	FR0000066755	NYSE EURONEXT - EURONEXT PARIS	France	Industrials
GLTN.PA	GL Events SA	FR0000066672	NYSE EURONEXT - EURONEXT PARIS	France	Industrials
VON.AS	VEON Ltd	BMG9349W1038	NYSE EURONEXT - EURONEXT AMSTERDAM	Netherlands	Telecommunications Services
ATEME.PA	Ateme SA	FR0011992700	NYSE EURONEXT - EURONEXT PARIS	France	Technology
CAPLI.PA	Capelli SA	FR0012969095	NYSE EURONEXT - EURONEXT PARIS	France	Consumer Cyclicals
OLLI.PA	Installux SA	FR0000060451	NYSE EURONEXT - EURONEXT PARIS	France	Consumer Cyclicals
BETR.AS	Beter Bed Holding NV	NL0000339703	NYSE EURONEXT - EURONEXT AMSTERDAM	Netherlands	Consumer Cyclicals
CDAF.PA	Compagnie des Alpes SA	FR0000053324	NYSE EURONEXT - EURONEXT PARIS	France	Consumer Cyclicals
IVAA.PA	Inventiva SA	FR0013233012	NYSE EURONEXT - EURONEXT PARIS	France	Healthcare
VTA.AS	Volta Finance Ltd	GG00B1GHHH78	NYSE EURONEXT - EURONEXT AMSTERDAM	Guernsey	Financials
BE0941243520.BR	Aliaxis SA	BE0941243520	EURONEXT - VENTES PUBLIQUES BRUSSELS	Belgium	Consumer Cyclicals
TITC.BR	Titan Cement International SA	BE0974338700	NYSE EURONEXT - EURONEXT BRUSSELS	Belgium	Basic Materials
LDSV.PA	Linedata Services SA	FR0004156297	NYSE EURONEXT - EURONEXT PARIS	France	Technology
ALCYB.PA	Cybergun SA	FR0013204351	NYSE EURONEXT - ALTERNEXT PARIS	France	Consumer Cyclicals
EOSI.PA	EOS Imaging SA	FR0011191766	NYSE EURONEXT - EURONEXT PARIS	France	Healthcare
ESIG.PA	ESI Group SA	FR0004110310	NYSE EURONEXT - EURONEXT PARIS	France	Technology
BOIR.PA	Boiron SA	FR0000061129	NYSE EURONEXT - EURONEXT PARIS	France	Healthcare
RLIN.AS	Rolinco NV	NL0000289817	NYSE EURONEXT - EURONEXT AMSTERDAM	Netherlands	Financials
ALIDS.PA	Idsud SA	FR0000062184	NYSE EURONEXT - ALTERNEXT PARIS	France	Financials
ASCC.BR	Ascencio SCA	BE0003856730	NYSE EURONEXT - EURONEXT BRUSSELS	Belgium	Financials
ARBN.AS	Amsterdam Commodities NV	NL0000313286	NYSE EURONEXT - EURONEXT AMSTERDAM	Netherlands	Consumer Non-Cyclicals
CURE.AS	Curetis NV	NL0011509294	NYSE EURONEXT - EURONEXT AMSTERDAM	Germany	Healthcare
RESI.BR	Resilux NV	BE0003707214	NYSE EURONEXT - EURONEXT BRUSSELS	Belgium	Basic Materials
VLTSA.PA	Voltalia SA	FR0011995588	NYSE EURONEXT - EURONEXT PARIS	France	Utilities
FASTN.AS	Fastned BV	NL0013654809	NYSE EURONEXT - EURONEXT AMSTERDAM	Netherlands	Utilities
DLTA.PA	Delta Plus Group SA	FR0013283108	NYSE EURONEXT - EURONEXT PARIS	France	Consumer Cyclicals
SAVEN.PA	Savencia SA	FR0000120107	NYSE EURONEXT - EURONEXT PARIS	France	Consumer Non-Cyclicals
AUER.PA	Aurea SA	FR0000039232	NYSE EURONEXT - EURONEXT PARIS	France	Industrials
BE0941244536.BR	Etex NV	BE0941244536	EURONEXT - VENTES PUBLIQUES BRUSSELS	Belgium	Consumer Cyclicals
OXUR.BR	Oxurion NV	BE0003846632	NYSE EURONEXT - EURONEXT BRUSSELS	Belgium	Healthcare
LBIRD.PA	Lumibird SA	FR0000038242	NYSE EURONEXT - EURONEXT PARIS	France	Industrials
RXPA.PA	Recylex SA	FR0000120388	NYSE EURONEXT - EURONEXT PARIS	France	Industrials
NCOX.PA	Nicox SA	FR0013018124	NYSE EURONEXT - EURONEXT PARIS	France	Healthcare
TINCC.BR	Tinc Comm VA	BE0974282148	NYSE EURONEXT - EURONEXT BRUSSELS	Belgium	Financials
COLP.PA	Colas SA	FR0000121634	NYSE EURONEXT - EURONEXT PARIS	France	Industrials
AVTX.AS	Avantium NV	NL0012047823	NYSE EURONEXT - EURONEXT AMSTERDAM	Netherlands	Industrials
EKI.PA	Ekinops SA	FR0011466069	NYSE EURONEXT - EURONEXT PARIS	France	Technology
EVSB.BR	Evs Broadcast Equipment SA	BE0003820371	NYSE EURONEXT - EURONEXT BRUSSELS	Belgium	Technology
CATGR.PA	Catana Group SA	FR0010193052	NYSE EURONEXT - EURONEXT PARIS	France	Consumer Cyclicals
SESL.PA	Ses Imagotag SA	FR0010282822	NYSE EURONEXT - EURONEXT PARIS	France	Technology
SDGI.PA	Synergie SE	FR0000032658	NYSE EURONEXT - EURONEXT PARIS	France	Industrials
AMPLI.PA	Amplitude Surgical SA	FR0012789667	NYSE EURONEXT - EURONEXT PARIS	France	Healthcare
VVY.AS	Vivoryon Therapeutics AG	DE0007921835	NYSE EURONEXT - EURONEXT AMSTERDAM	Germany	Healthcare
MBWS.PA	Marie Brizard Wine and Spirits SA	FR0000060873	NYSE EURONEXT - EURONEXT PARIS	France	Consumer Non-Cyclicals
CITT.PA	Groupe Crit SA	FR0000036675	NYSE EURONEXT - EURONEXT PARIS	France	Industrials
ALMDT.PA	Median Technologies SA	FR0011049824	NYSE EURONEXT - ALTERNEXT PARIS	France	Technology
IISP.PA	Societe Pour l Informatique Industrielle SA	FR0000074122	NYSE EURONEXT - EURONEXT PARIS	France	Technology
ATEO.BR	Atenor SA	BE0003837540	NYSE EURONEXT - EURONEXT BRUSSELS	Belgium	Financials
MDW.PA	Mediawan SA	FR0013247137	NYSE EURONEXT - EURONEXT PARIS	France	Consumer Cyclicals
ALLIX.PA	Wallix Group SA	FR0010131409	NYSE EURONEXT - ALTERNEXT PARIS	France	Technology
ALNEV.PA	Neovacs SA	FR0004032746	NYSE EURONEXT - ALTERNEXT PARIS	France	Healthcare
CCHE.PA	Seche Environnement SA	FR0000039109	NYSE EURONEXT - EURONEXT PARIS	France	Industrials
MKEA.PA	Mauna Kea Technologies SAS	FR0010609263	NYSE EURONEXT - EURONEXT PARIS	France	Healthcare
LYS.PA	Lysogene SA	FR0013233475	NYSE EURONEXT - EURONEXT PARIS	France	Healthcare
LBEL.PA	Le Belier SA	FR0000072399	NYSE EURONEXT - EURONEXT PARIS	France	Basic Materials
HINV.BR	Home Invest Belgium SA	BE0003760742	NYSE EURONEXT - EURONEXT BRUSSELS	Belgium	Financials
ALCAR.PA	Carmat SA	FR0010907956	NYSE EURONEXT - ALTERNEXT PARIS	France	Healthcare
IMMO.BR	Compagnie Immobiliere de Belgique SA	BE0003599108	NYSE EURONEXT - EURONEXT BRUSSELS	Belgium	Financials
ALEZV.PA	Easyvista SA	FR0010246322	NYSE EURONEXT - ALTERNEXT PARIS	France	Technology
ETOF.PA	Infotel SA	FR0000071797	NYSE EURONEXT - EURONEXT PARIS	France	Technology
RIBE.PA	Riber SA	FR0000075954	NYSE EURONEXT - EURONEXT PARIS	France	Technology
ALEUP.PA	Europlasma SA	FR0000044810	NYSE EURONEXT - ALTERNEXT PARIS	France	Industrials
ADOC.PA	Adocia SA	FR0011184241	NYSE EURONEXT - EURONEXT PARIS	France	Healthcare
PRSW.PA	Prologue SA	FR0010380626	NYSE EURONEXT - EURONEXT PARIS	France	Technology
ALTBG.PA	Blockchain Group SA	FR0011053636	NYSE EURONEXT - ALTERNEXT PARIS	France	Consumer Cyclicals
VMX.PA	Verimatrix SA	FR0010291245	NYSE EURONEXT - EURONEXT PARIS	France	Technology
ECASA.PA	ECA SA	FR0010099515	NYSE EURONEXT - EURONEXT PARIS	France	Technology
SQLI.PA	Sqli SA	FR0011289040	NYSE EURONEXT - EURONEXT PARIS	France	Technology
GRBT.PA	Guerbet SA	FR0000032526	NYSE EURONEXT - EURONEXT PARIS	France	Healthcare
FGA.PA	Figeac Aero SARL	FR0011665280	NYSE EURONEXT - EURONEXT PARIS	France	Industrials
PRC.PA	Artmarket.com SA	FR0000074783	NYSE EURONEXT - EURONEXT PARIS	France	Technology
BATD.PA	Bastide le Confort Medical SA	FR0000035370	NYSE EURONEXT - EURONEXT PARIS	France	Healthcare
BGHL.AS	Boussard and Gavaudan Holding Ltd	GG00B1FQG453	NYSE EURONEXT - EURONEXT AMSTERDAM	Guernsey	Financials
SWOR.PA	Sword Group SE	FR0004180578	NYSE EURONEXT - EURONEXT PARIS	Luxembourg	Technology
OPEN.PA	Groupe Open SA	FR0004050300	NYSE EURONEXT - EURONEXT PARIS	France	Technology
PICB.BR	Picanol NV	BE0003807246	NYSE EURONEXT - EURONEXT BRUSSELS	Belgium	Industrials
TFF.PA	Tonnellerie Francois Freres SA	FR0013295789	NYSE EURONEXT - EURONEXT PARIS	France	Basic Materials
ALESK.PA	Esker SA	FR0000035818	NYSE EURONEXT - ALTERNEXT PARIS	France	Technology
PHARN.PA	Pharnext SA	FR0011191287	NYSE EURONEXT - ALTERNEXT PARIS	France	Healthcare
UFFP.PA	Union Financiere de France Banque SA	FR0000034548	NYSE EURONEXT - EURONEXT PARIS	France	Financials
BOTHE.BR	Bone Therapeutics SA	BE0974280126	NYSE EURONEXT - EURONEXT BRUSSELS	Belgium	Healthcare
SABT.PA	Oeneo SA	FR0000052680	NYSE EURONEXT - EURONEXT PARIS	France	Basic Materials
NRO.PA	Neurones SA	FR0004050250	NYSE EURONEXT - EURONEXT PARIS	France	Technology
THHG.PA	Thermador Groupe SA	FR0013333432	NYSE EURONEXT - EURONEXT PARIS	France	Industrials
METEX.PA	Metabolic Explorer SA	FR0004177046	NYSE EURONEXT - EURONEXT PARIS	France	Basic Materials
SOAC.BR	Solvac SA	BE0003545531	NYSE EURONEXT - EURONEXT BRUSSELS	Belgium	Basic Materials
CRBP2.PA	Caisse Regionale de Credit Agricole Mutuel Brie Picardie	FR0010483768	NYSE EURONEXT - EURONEXT PARIS	France	Financials
XIL.PA	Xilam Animation SA	FR0004034072	NYSE EURONEXT - EURONEXT PARIS	France	Consumer Cyclicals
DPA.AS	DPA Group NV	NL0009197771	NYSE EURONEXT - EURONEXT AMSTERDAM	Netherlands	Industrials
CGDM.PA	Cegedim SA	FR0000053506	NYSE EURONEXT - EURONEXT PARIS	France	Technology
FLUX.BR	Fluxys Belgium NV	BE0974265945	NYSE EURONEXT - EURONEXT BRUSSELS	Belgium	Energy
ALGAU.PA	Gaussin SA	FR0010342329	NYSE EURONEXT - ALTERNEXT PARIS	France	Industrials
BAIN.PA	Societe Anonyme Des Bains De Mer Et Du Cercle Des Etrangers A Monaco SA	MC0000031187	NYSE EURONEXT - EURONEXT PARIS	Monaco	Consumer Cyclicals
PWG.PA	Prodways Group SA	FR0012613610	NYSE EURONEXT - EURONEXT PARIS	France	Industrials
ALATF.PA	Artefact SA	FR0000079683	NYSE EURONEXT - ALTERNEXT PARIS	France	Consumer Cyclicals
BOLS.AS	Lucas Bols Amsterdam BV	NL0010998878	NYSE EURONEXT - EURONEXT AMSTERDAM	Netherlands	Consumer Non-Cyclicals
ALDBT.PA	DBT SA	FR0013066750	NYSE EURONEXT - ALTERNEXT PARIS	France	Industrials
ALVAL.PA	Valbiotis SA	FR0013254851	NYSE EURONEXT - ALTERNEXT PARIS	France	Healthcare
WOLE.BR	L'Investissement Foncier Woluwe Extension SA	BE0003600112	NYSE EURONEXT - EURONEXT BRUSSELS	Belgium	Financials
FALG.PA	Fermentalg SA	FR0011271600	NYSE EURONEXT - EURONEXT PARIS	France	Basic Materials
SIGHT.PA	Gensight Biologics SA	FR0013183985	NYSE EURONEXT - EURONEXT PARIS	France	Healthcare
ALBUD.PA	Budget Telecom SA	FR0004172450	NYSE EURONEXT - ALTERNEXT PARIS	France	Telecommunications Services
PVAC.PA	Pierre et Vacances SA	FR0000073041	NYSE EURONEXT - EURONEXT PARIS	France	Consumer Cyclicals
EPMF.PA	Financiere de l'Odet SA	FR0000062234	NYSE EURONEXT - EURONEXT PARIS	France	Consumer Cyclicals
ALVIV.PA	Visiativ SA	FR0004029478	NYSE EURONEXT - ALTERNEXT PARIS	France	Technology
ALALO.PA	Acheter Louer Fr SA	FR0010493510	NYSE EURONEXT - ALTERNEXT PARIS	France	Consumer Cyclicals
VETO.PA	Vetoquinol SA	FR0004186856	NYSE EURONEXT - EURONEXT PARIS	France	Healthcare
CAMB.BR	Campine NV	BE0003825420	NYSE EURONEXT - EURONEXT BRUSSELS	Belgium	Basic Materials
WARB.BR	Warehouses Estates Belgium SCA	BE0003734481	NYSE EURONEXT - EURONEXT BRUSSELS	Belgium	Financials
ALAMG.PA	Auplata Mining Group SA	FR0013410370	NYSE EURONEXT - ALTERNEXT PARIS	France	Basic Materials
AURS.PA	Aures Technologies SA	FR0013183589	NYSE EURONEXT - EURONEXT PARIS	France	Technology
TEIF.PA	Societe de la Tour Eiffel SA	FR0000036816	NYSE EURONEXT - EURONEXT PARIS	France	Financials
ALMED.PA	Medicrea International SA	FR0004178572	NYSE EURONEXT - ALTERNEXT PARIS	France	Healthcare
ALOXA.PA	Oxatis SA	FR0013328184	NYSE EURONEXT - ALTERNEXT PARIS	France	Technology
BALYO.PA	Balyo SA	FR0013258399	NYSE EURONEXT - EURONEXT PARIS	France	Technology
FLYP.PA	Societe Fonciere Lyonnaise SA	FR0000033409	NYSE EURONEXT - EURONEXT PARIS	France	Financials
CBOT.PA	Cbo Territoria SA	FR0010193979	NYSE EURONEXT - EURONEXT PARIS	France	Financials
ALVGO.PA	Vogo SAS	FR0011532225	NYSE EURONEXT - ALTERNEXT PARIS	France	Technology
ALHGR.PA	Hoffmann Green Cement Technologies SAS	FR0013451044	NYSE EURONEXT - ALTERNEXT PARIS	France	Basic Materials
COVH.PA	Covivio Hotels SCA	FR0000060303	NYSE EURONEXT - EURONEXT PARIS	France	Financials
NBA.LS	Novabase SGPS SA	PTNBA0AM0006	NYSE EURONEXT - EURONEXT LISBON	Portugal	Technology
HEXAO.PA	Hexaom SA	FR0004159473	NYSE EURONEXT - EURONEXT PARIS	France	Consumer Cyclicals
ALSAF.PA	Safe Orthopaedics SA	FR0012452746	NYSE EURONEXT - ALTERNEXT PARIS	France	Healthcare
ALTEV.PA	Envea SA	FR0010278762	NYSE EURONEXT - ALTERNEXT PARIS	France	Industrials
ALFOC.PA	Focus Home Interactive SA	FR0012419307	NYSE EURONEXT - ALTERNEXT PARIS	France	Consumer Cyclicals
GPIF.PA	Gerard Perrier Industrie SA	FR0000061459	NYSE EURONEXT - EURONEXT PARIS	France	Industrials
C4X.PA	Onxeo SA	FR0010095596	NYSE EURONEXT - EURONEXT PARIS	France	Healthcare
ALDEL.PA	Delfingen Industry SA	FR0000054132	NYSE EURONEXT - ALTERNEXT PARIS	France	Consumer Cyclicals
EGAB.PA	Total Gabon SA	GA0000121459	NYSE EURONEXT - EURONEXT PARIS	Gabon	Energy
QRF.BR	QRF Comm. VA	BE0974272040	NYSE EURONEXT - EURONEXT BRUSSELS	Belgium	Financials
BALTA.BR	Balta Group NV	BE0974314461	NYSE EURONEXT - EURONEXT BRUSSELS	Belgium	Consumer Cyclicals
BOOST.PA	Boostheat SAS	FR0011814938	NYSE EURONEXT - EURONEXT PARIS	France	Industrials
SONO.PA	NRJ Group SA	FR0000121691	NYSE EURONEXT - EURONEXT PARIS	France	Consumer Cyclicals
NVC.PA	Les Nouveaux Constructeurs SA	FR0004023208	NYSE EURONEXT - EURONEXT PARIS	France	Financials
ESSF.PA	Esso Societe Anonyme Francaise SA	FR0000120669	NYSE EURONEXT - EURONEXT PARIS	France	Energy
NEWN.AS	Neways Electronics International NV	NL0000440618	NYSE EURONEXT - EURONEXT AMSTERDAM	Netherlands	Technology
ATAR.PA	Atari SA	FR0010478248	NYSE EURONEXT - EURONEXT PARIS	France	Consumer Cyclicals
ECT.AS	Eurocastle Investment Ltd	GB00B94QM994	NYSE EURONEXT - EURONEXT AMSTERDAM	Guernsey	Financials
LOUP.PA	Societe LDC SA	FR0013204336	NYSE EURONEXT - EURONEXT PARIS	France	Consumer Non-Cyclicals
CAIF.PA	Caisse regionale de Credit Agricole Mutuel de Paris et d Ile de France	FR0000045528	NYSE EURONEXT - EURONEXT PARIS	France	Financials
ALGBE.PA	Global Bioenergies SA	FR0011052257	NYSE EURONEXT - ALTERNEXT PARIS	France	Energy
VASTB.BR	Vastned Retail Belgium SA	BE0003754687	NYSE EURONEXT - EURONEXT BRUSSELS	Belgium	Financials
CTRG.PA	Catering International & Services SA	FR0000064446	NYSE EURONEXT - EURONEXT PARIS	France	Industrials
ALBPS.PA	Biophytis SA	FR0012816825	NYSE EURONEXT - ALTERNEXT PARIS	France	Healthcare
ALTHER.PA	Theraclion SA	FR0010120402	NYSE EURONEXT - ALTERNEXT PARIS	France	Healthcare
ABEO.PA	Abeo SAS	FR0013185857	NYSE EURONEXT - EURONEXT PARIS	France	Consumer Cyclicals
VALU8.AS	Value8 NV	NL0010661864	NYSE EURONEXT - EURONEXT AMSTERDAM	Netherlands	Financials
SCLR.PA	Sogeclair SA	FR0000065864	NYSE EURONEXT - EURONEXT PARIS	France	Industrials
ALSTW.PA	Streamwide SA	FR0010528059	NYSE EURONEXT - ALTERNEXT PARIS	France	Technology
MIKK.BR	Miko NV	BE0003731453	NYSE EURONEXT - EURONEXT BRUSSELS	Belgium	Consumer Non-Cyclicals
AMEBA.PA	Amoeba SA	FR0011051598	NYSE EURONEXT - EURONEXT PARIS	France	Basic Materials
ALMIC.PA	Microwave Vision SA	FR0004058949	NYSE EURONEXT - ALTERNEXT PARIS	France	Industrials
ALOCA.PA	Oceasoft SA	FR0012407096	NYSE EURONEXT - ALTERNEXT PARIS	France	Industrials
ALCRB.PA	Carbios SA	FR0011648716	NYSE EURONEXT - ALTERNEXT PARIS	France	Industrials
QUFG.BR	Quest for Growth NV	BE0003730448	NYSE EURONEXT - EURONEXT BRUSSELS	Belgium	Financials
CIV.PA	Caisse Regionale de Credit Agricole Mutuel d'Ille-et-Vilaine SC	FR0000045213	NYSE EURONEXT - EURONEXT PARIS	France	Financials
PIX.PA	Pixium Vision SA	FR0011950641	NYSE EURONEXT - EURONEXT PARIS	France	Healthcare
ALDRV.PA	Drone Volt SA	FR0013088606	NYSE EURONEXT - ALTERNEXT PARIS	France	Industrials
ESPE.AS	Esperite NV	NL0009272137	NYSE EURONEXT - EURONEXT AMSTERDAM	Netherlands	Healthcare
ALMP.PA	Altamir SCA	FR0000053837	NYSE EURONEXT - EURONEXT PARIS	France	Financials
TRNG.PA	Transgene SA	FR0005175080	NYSE EURONEXT - EURONEXT PARIS	France	Healthcare
ALNOV.PA	Novacyt SA	FR0010397232	NYSE EURONEXT - ALTERNEXT PARIS	France	Healthcare
SOLN.BR	Moury Construct SA	BE0003602134	NYSE EURONEXT - EURONEXT BRUSSELS	Belgium	Industrials
ALDNX.PA	Dnxcorp Se	FR0010436584	NYSE EURONEXT - ALTERNEXT PARIS	Luxembourg	Consumer Cyclicals
ALESA.PA	Ecoslops SA	FR0011490648	NYSE EURONEXT - ALTERNEXT PARIS	France	Industrials
LPER.PA	Laurent Perrier SA	FR0006864484	NYSE EURONEXT - EURONEXT PARIS	France	Consumer Non-Cyclicals
MED6.PA	Media 6 SA	FR0000064404	NYSE EURONEXT - EURONEXT PARIS	France	Consumer Cyclicals
JEN.BR	Jensen Group NV	BE0003858751	NYSE EURONEXT - EURONEXT BRUSSELS	Belgium	Consumer Non-Cyclicals
ALTVO.PA	Evolis SA	FR0004166197	NYSE EURONEXT - ALTERNEXT PARIS	France	Technology
HOLCO.AS	Holland Colours NV	NL0000440311	NYSE EURONEXT - EURONEXT AMSTERDAM	Netherlands	Basic Materials
ALREW.PA	Reworld Media SA	FR0010820274	NYSE EURONEXT - ALTERNEXT PARIS	France	Consumer Cyclicals
GAUM.PA	Gaumont SA	FR0000034894	NYSE EURONEXT - EURONEXT PARIS	France	Consumer Cyclicals
TERB.BR	Ter Beke NV	BE0003573814	NYSE EURONEXT - EURONEXT BRUSSELS	Belgium	Consumer Non-Cyclicals
FROB.PA	BEL SA	FR0000121857	NYSE EURONEXT - EURONEXT PARIS	France	Consumer Non-Cyclicals
LEBO.PA	Compagnie Lebon SA	FR0000121295	NYSE EURONEXT - EURONEXT PARIS	France	Financials
PARP.PA	Groupe Partouche SA	FR0012612646	NYSE EURONEXT - EURONEXT PARIS	France	Consumer Cyclicals
SEFER.PA	Sergeferrari Group SA	FR0011950682	NYSE EURONEXT - EURONEXT PARIS	France	Consumer Cyclicals
ARTN.AS	Stern Groep NV	NL0000336303	NYSE EURONEXT - EURONEXT AMSTERDAM	Netherlands	Consumer Cyclicals
SMTPC.PA	Societe Marseillaise du Tunnel Prado Carenage SA	FR0004016699	NYSE EURONEXT - EURONEXT PARIS	France	Industrials
IMPA.LS	Impresa Sociedade Gestora de Participacoes Sociais SA	PTIPR0AM0000	NYSE EURONEXT - EURONEXT LISBON	Portugal	Consumer Cyclicals
ALERS.PA	Eurobio Scientific SA	FR0013240934	NYSE EURONEXT - ALTERNEXT PARIS	France	Healthcare
PATC.PA	Patrimoine et Commerce SCA	FR0011027135	NYSE EURONEXT - EURONEXT PARIS	France	Financials
FNG.BR	FNG NV	BE0974332646	NYSE EURONEXT - EURONEXT BRUSSELS	Belgium	Consumer Cyclicals
ALSEN.PA	Sensorion SA	FR0012596468	NYSE EURONEXT - ALTERNEXT PARIS	France	Healthcare
ALINT.PA	Integragen SA	FR0010908723	NYSE EURONEXT - ALTERNEXT PARIS	France	Healthcare
BUP.PA	Biom Up SA	FR0013284080	NYSE EURONEXT - EURONEXT PARIS	France	Healthcare
OPIN.BR	Crescent SA	BE0003836534	NYSE EURONEXT - EURONEXT BRUSSELS	Belgium	Technology
ALNLF.PA	Neolife SA	FR0011636083	NYSE EURONEXT - ALTERNEXT PARIS	France	Basic Materials
NYR.BR	Nyrstar NV	BE0974294267	NYSE EURONEXT - EURONEXT BRUSSELS	Belgium	Basic Materials
ALDNE.PA	Dont Nod Entertainment SA	FR0013331212	NYSE EURONEXT - ALTERNEXT PARIS	France	Technology
CMO.PA	Credit Agricole du Morbihan SC	FR0000045551	NYSE EURONEXT - EURONEXT PARIS	France	Financials
ALMND.PA	Montagne et Neige Developpement SA	FR0011584549	NYSE EURONEXT - ALTERNEXT PARIS	France	Consumer Cyclicals
ALANT.PA	Antevenio SA	ES0109429037	NYSE EURONEXT - ALTERNEXT PARIS	Spain	Consumer Cyclicals
BULY.PA	Burelle SA	FR0000061137	NYSE EURONEXT - EURONEXT PARIS	France	Consumer Cyclicals
CALCi.PA	Caisse Regionale de Credit Agricole Mutuel Atlantique Vendee SC	FR0000185506	NYSE EURONEXT - EURONEXT PARIS	France	Financials
BLIEc.BR	Immo Beaulieu NV	BE0003661726	NYSE EURONEXT - EURONEXT BRUSSELS	Belgium	Financials
STEN.PA	Stentys SA	FR0010949404	NYSE EURONEXT - EURONEXT PARIS	France	Healthcare
KEYR.PA	Keyrus SA	FR0004029411	NYSE EURONEXT - EURONEXT PARIS	France	Technology
ALMLB.PA	Miliboo SA	FR0013053535	NYSE EURONEXT - ALTERNEXT PARIS	France	Consumer Cyclicals
TEXB.BR	Texaf SA	BE0974263924	NYSE EURONEXT - EURONEXT BRUSSELS	Belgium	Industrials
ALUMS.PA	Umanis SA	FR0013263878	NYSE EURONEXT - ALTERNEXT PARIS	France	Technology
EPS.PA	Engie Eps SA	FR0012650166	NYSE EURONEXT - EURONEXT PARIS	France	Energy
GKTX.PA	GenKyoTex SA	FR0013399474	NYSE EURONEXT - EURONEXT PARIS	France	Healthcare
DECB.BR	Deceuninck NV	BE0003789063	NYSE EURONEXT - EURONEXT BRUSSELS	Belgium	Consumer Cyclicals
SEQUA.BR	Sequana Medical NV	BE0974340722	NYSE EURONEXT - EURONEXT BRUSSELS	Belgium	Healthcare
MRSP.PA	Actia Group SA	FR0000076655	NYSE EURONEXT - EURONEXT PARIS	France	Consumer Cyclicals
ALMIL.PA	1000mercis SA	FR0010285965	NYSE EURONEXT - ALTERNEXT PARIS	France	Consumer Cyclicals
CRLA.PA	Caisse Regionale de Credit Agricole Mutuel du Languedoc	FR0010461053	NYSE EURONEXT - EURONEXT PARIS	France	Financials
ALHYG.PA	Hybrigenics SA	FR0004153930	NYSE EURONEXT - ALTERNEXT PARIS	France	Healthcare
ALSGD.PA	Spineguard SA	FR0011464452	NYSE EURONEXT - ALTERNEXT PARIS	France	Healthcare
ALIMP.PA	Implanet SA	FR0010458729	NYSE EURONEXT - ALTERNEXT PARIS	France	Healthcare
CIBP.PA	Cibox Inter@ctive SA	FR0000054322	NYSE EURONEXT - EURONEXT PARIS	France	Technology
EDSP.PA	Electricite de Strasbourg SA	FR0000031023	NYSE EURONEXT - EURONEXT PARIS	France	Utilities
TETR.PA	Touax Sa Sgtr Cite Sgt Cmte Taf Slm Toua SCA	FR0000033003	NYSE EURONEXT - EURONEXT PARIS	France	Industrials
ALBDM.PA	BD Multi Media SA	FR0000035305	NYSE EURONEXT - ALTERNEXT PARIS	France	Technology
ROON.AS	RoodMicrotec N.V.	NL0000440477	NYSE EURONEXT - EURONEXT AMSTERDAM	Netherlands	Technology
OLG.PA	Olympique Lyonnais Groupe SA	FR0010428771	NYSE EURONEXT - EURONEXT PARIS	France	Consumer Cyclicals
VRKP.PA	Vranken Pommery Monopole SA	FR0000062796	NYSE EURONEXT - EURONEXT PARIS	France	Consumer Non-Cyclicals
IBS.LS	Ibersol SGPS SA	PTIBS0AM0008	NYSE EURONEXT - EURONEXT LISBON	Portugal	Consumer Cyclicals
AXW.PA	Axway Software SA	FR0011040500	NYSE EURONEXT - EURONEXT PARIS	France	Technology
CG000A0BKQF7.BR	Banque Commerciale du Congo SA	CG000A0BKQF7	EURONEXT - VENTES PUBLIQUES BRUSSELS	Democratic Republic of the Congo	Financials
ALDEI.PA	Deinove SA	FR0010879056	NYSE EURONEXT - ALTERNEXT PARIS	France	Energy
ALPRO.PA	Prodware SA	FR0010313486	NYSE EURONEXT - ALTERNEXT PARIS	France	Technology
ALPHS.PA	Pharmasimple SA	BE0974302342	NYSE EURONEXT - ALTERNEXT PARIS	Belgium	Technology
SLBEN.LS	Sport Lisboa e Benfica Futebol SAD	PTSLB0AM0010	NYSE EURONEXT - EURONEXT LISBON	Portugal	Consumer Cyclicals
GTCN.PA	Guillemot Corporation SA	FR0000066722	NYSE EURONEXT - EURONEXT PARIS	France	Technology
PID.PA	Paragon Id SA	FR0013318813	NYSE EURONEXT - EURONEXT PARIS	France	Technology
GECI.PA	GECI International SA	FR0000079634	NYSE EURONEXT - EURONEXT PARIS	France	Industrials
ALDSL.PA	Dlsi SA	FR0010404368	NYSE EURONEXT - ALTERNEXT PARIS	France	Industrials
ALCOR.PA	Biocorp Production SA	FR0012788065	NYSE EURONEXT - ALTERNEXT PARIS	France	Healthcare
GENX.PA	Generix Group France SA	FR0010501692	NYSE EURONEXT - EURONEXT PARIS	France	Technology
SONI.LS	Sonae Industria Sgps SA	PTS3P0AM0025	NYSE EURONEXT - EURONEXT LISBON	Portugal	Basic Materials
AGTA.PA	Agta Record AG	CH0008853209	NYSE EURONEXT - EURONEXT PARIS	Switzerland	Consumer Cyclicals
SSI.PA	Supersonic Imagine SA	FR0010526814	NYSE EURONEXT - EURONEXT PARIS	France	Healthcare
FINA.PA	Immobiliere Dassault SA	FR0000033243	NYSE EURONEXT - EURONEXT PARIS	France	Financials
TGEL.PA	Toupargel Groupe SA	FR0000039240	NYSE EURONEXT - EURONEXT PARIS	France	Consumer Non-Cyclicals
ARTO.PA	Societe Industrielle et Financiere de l'Artois SA	FR0000076952	NYSE EURONEXT - EURONEXT PARIS	France	Technology
CBHB.BR	Brouwerij Handelsmaatschappij NV	BE0003519270	NYSE EURONEXT - ALTERNEXT BRUSSELS	Belgium	Consumer Non-Cyclicals
SRAG.PA	Societe Francaise de Gestion et d'Investissement SOFRAGI SA	FR0000030140	NYSE EURONEXT - EURONEXT PARIS	France	Financials
APRL.PA	April SA	FR0004037125	NYSE EURONEXT - EURONEXT PARIS	France	Financials
ICTA.AS	ICT Group NV	NL0000359537	NYSE EURONEXT - EURONEXT AMSTERDAM	Netherlands	Technology
CAT31.PA	Caisse Regionale de Credit Agricole Mutuel Toulouse 31 SC	FR0000045544	NYSE EURONEXT - EURONEXT PARIS	France	Financials
OSE.PA	Ose Immunotherapeutics SA	FR0012127173	NYSE EURONEXT - EURONEXT PARIS	France	Healthcare
RAMA.LS	Ramada Investimentos e Industria SA	PTFRV0AE0004	NYSE EURONEXT - EURONEXT LISBON	Portugal	Basic Materials
SFPI.PA	Groupe SFPI SA	FR0004155000	NYSE EURONEXT - EURONEXT PARIS	France	Consumer Cyclicals
ALFRE.PA	Freelance.com SA	FR0004187367	NYSE EURONEXT - ALTERNEXT PARIS	France	Industrials
MATP.PA	Manutan International SA	FR0000032302	NYSE EURONEXT - EURONEXT PARIS	France	Industrials
CFN.LS	Cofina SGPS SA	PTCFN0AE0003	NYSE EURONEXT - EURONEXT LISBON	Portugal	Consumer Cyclicals
JBOG.PA	Jacques Bogart SA	FR0012872141	NYSE EURONEXT - EURONEXT PARIS	France	Consumer Non-Cyclicals
SAMS.PA	Samse SA	FR0000060071	NYSE EURONEXT - EURONEXT PARIS	France	Consumer Cyclicals
ALCOG.PA	Cogra Quarante Huit SA	FR0011071570	NYSE EURONEXT - ALTERNEXT PARIS	France	Basic Materials
RLRT.BR	Roularta Media Group NV	BE0003741551	NYSE EURONEXT - EURONEXT BRUSSELS	Belgium	Consumer Cyclicals
HIGH.PA	High Co SA	FR0000054231	NYSE EURONEXT - EURONEXT PARIS	France	Consumer Cyclicals
SIGF.PA	CS Group SA	FR0007317813	NYSE EURONEXT - EURONEXT PARIS	France	Technology
ALDR.PA	Delta Drone SA	FR0011522168	NYSE EURONEXT - ALTERNEXT PARIS	France	Industrials
NR21.PA	NR 21 SA	FR0004166155	NYSE EURONEXT - EURONEXT PARIS	France	Consumer Cyclicals
ALEO2.PA	EO2 SA	FR0010465534	NYSE EURONEXT - ALTERNEXT PARIS	France	Basic Materials
ALGEP.PA	Global Ecopower SA	FR0011289198	NYSE EURONEXT - ALTERNEXT PARIS	France	Energy
CAFO.PA	Cafom SA	FR0010151589	NYSE EURONEXT - EURONEXT PARIS	France	Consumer Cyclicals
FTRN.PA	Futuren SA	FR0011284991	NYSE EURONEXT - EURONEXT PARIS	France	Utilities
INEA.PA	Fonciere Inea SA	FR0010341032	NYSE EURONEXT - EURONEXT PARIS	France	Financials
ALBKK.PA	Baikowski SASU	FR0013384369	NYSE EURONEXT - ALTERNEXT PARIS	France	Basic Materials
ALTUV.PA	Bio-UV Group SAS	FR0013345493	NYSE EURONEXT - ALTERNEXT PARIS	France	Industrials
MIPO.PA	Micropole SA	FR0000077570	NYSE EURONEXT - EURONEXT PARIS	France	Technology
ALCLA.PA	Clasquin SA	FR0004152882	NYSE EURONEXT - ALTERNEXT PARIS	France	Industrials
PCAS.PA	Pcas SA	FR0000053514	NYSE EURONEXT - EURONEXT PARIS	France	Healthcare
SPBS.PA	Sofibus Patrimoine SA	FR0000038804	NYSE EURONEXT - EURONEXT PARIS	France	Financials
FLOB.BR	Floridienne SA	BE0003215143	NYSE EURONEXT - EURONEXT BRUSSELS	Belgium	Consumer Non-Cyclicals
ALBLD.PA	Bilendi SA	FR0004174233	NYSE EURONEXT - ALTERNEXT PARIS	France	Technology
ALVU.PA	Vente-Unique.Com SA	FR0010766667	NYSE EURONEXT - ALTERNEXT PARIS	France	Consumer Cyclicals
ALPDX.PA	Piscines Desjoyaux SA	FR0000061608	NYSE EURONEXT - ALTERNEXT PARIS	France	Consumer Cyclicals
ALTHE.PA	Theradiag SA	FR0004197747	NYSE EURONEXT - ALTERNEXT PARIS	France	Healthcare
SMAR.BR	Smartphoto Group NV	BE0974323553	NYSE EURONEXT - EURONEXT BRUSSELS	Belgium	Consumer Cyclicals
HOP.PA	Hopscotch Groupe SA	FR0000065278	NYSE EURONEXT - EURONEXT PARIS	France	Consumer Cyclicals
AWOX.PA	Awox SA	FR0011800218	NYSE EURONEXT - EURONEXT PARIS	France	Technology
ALGEM.PA	Eurogerm SA	FR0010452474	NYSE EURONEXT - ALTERNEXT PARIS	France	Consumer Non-Cyclicals
ALCOI.PA	Coil NV	BE0160342011	NYSE EURONEXT - ALTERNEXT PARIS	Belgium	Basic Materials
ECP.PA	Europacorp SA	FR0010490920	NYSE EURONEXT - EURONEXT PARIS	France	Consumer Cyclicals
ALUCI.PA	Lucibel SA	FR0011884378	NYSE EURONEXT - ALTERNEXT PARIS	France	Consumer Cyclicals
PREP.PA	Precia SA	FR0000060832	NYSE EURONEXT - EURONEXT PARIS	France	Industrials
ABNX.PA	Abionyx Pharma SA	FR0012616852	NYSE EURONEXT - EURONEXT PARIS	France	Healthcare
ALTHX.PA	Theranexus SA	FR0013286259	NYSE EURONEXT - ALTERNEXT PARIS	France	Healthcare
ASTP.PA	AST Groupe SA	FR0000076887	NYSE EURONEXT - EURONEXT PARIS	France	Consumer Cyclicals
HYDRA.AS	Hydratec Industries NV	NL0009391242	NYSE EURONEXT - EURONEXT AMSTERDAM	Netherlands	Basic Materials
MOPB.BR	Palmboomen Cultuur Maatschappij Mopoli Palmeraies De Mopoli NV	NL0000488153	NYSE EURONEXT - EURONEXT BRUSSELS	Belgium	Consumer Non-Cyclicals
MAGIS.PA	Ymagis SA	FR0011471291	NYSE EURONEXT - EURONEXT PARIS	France	Technology
ALPOU.PA	Poulaillon SA	FR0013015583	NYSE EURONEXT - ALTERNEXT PARIS	France	Consumer Cyclicals
ANTAL.PA	Antalis SA	FR0013258589	NYSE EURONEXT - EURONEXT PARIS	France	Consumer Cyclicals
DEXI.BR	Dexia SA	BE0974290224	NULL	Belgium	Financials
INN.PA	Innelec Multimedia SA	FR0000064297	NYSE EURONEXT - EURONEXT PARIS	France	Technology
ALACT.PA	Groupe Actiplay SA	FR0011038348	NYSE EURONEXT - ALTERNEXT PARIS	France	Consumer Cyclicals
ETGM.PA	Netgem SA	FR0004154060	NYSE EURONEXT - EURONEXT PARIS	France	Technology
ALHRG.PA	Herige SA	FR0000066540	NYSE EURONEXT - ALTERNEXT PARIS	France	Consumer Cyclicals
VEIL.PA	Viel et Compagnie SA	FR0000050049	NYSE EURONEXT - EURONEXT PARIS	France	Financials
DMSP.PA	Diagnostic Medical Systems SA	FR0012202497	NYSE EURONEXT - EURONEXT PARIS	France	Healthcare
PSBP.PA	PSB Industries SA	FR0000060329	NYSE EURONEXT - EURONEXT PARIS	France	Basic Materials
HAMO.BR	Hamon & Cie International SA	BE0974352842	NYSE EURONEXT - EURONEXT BRUSSELS	Belgium	Industrials
IDVP.PA	IDI SCA	FR0000051393	NYSE EURONEXT - EURONEXT PARIS	France	Financials
GEAP.PA	Gea Grenobloise Electronique Automatisme SA	FR0000053035	NYSE EURONEXT - EURONEXT PARIS	France	Technology
FLMI.PA	Fleury Michon SA	FR0000074759	NYSE EURONEXT - EURONEXT PARIS	France	Consumer Non-Cyclicals
ALONC.PA	Oncodesign SA	FR0011766229	NYSE EURONEXT - ALTERNEXT PARIS	France	Healthcare
SIPH.PA	Societe Internationale de Plantations d'Heveas SA	FR0000036857	NYSE EURONEXT - EURONEXT PARIS	France	Consumer Cyclicals
ALNXT.PA	Nextedia SA	FR0004171346	NYSE EURONEXT - ALTERNEXT PARIS	France	Technology
ALENE.PA	Enertime SAS	FR0011915339	NYSE EURONEXT - ALTERNEXT PARIS	France	Energy
CCAP.PA	Compagnie du Cambodge SA	FR0000079659	NYSE EURONEXT - EURONEXT PARIS	France	Industrials
RBO.PA	Roche Bobois SA	FR0013344173	NYSE EURONEXT - EURONEXT PARIS	France	Consumer Cyclicals
BANI.BR	Banimmo SA	BE0003870871	NYSE EURONEXT - EURONEXT BRUSSELS	Belgium	Financials
ALKAL.PA	Kalray SA	FR0010722819	NYSE EURONEXT - ALTERNEXT PARIS	France	Technology
IGXA.PA	IGE + XAO SA	FR0000030827	NYSE EURONEXT - EURONEXT PARIS	France	Technology
CGR.PA	CeGeREAL SA	FR0010309096	NYSE EURONEXT - EURONEXT PARIS	France	Financials
ALKKO.PA	Kko International SA	FR0013374667	NYSE EURONEXT - ALTERNEXT PARIS	Belgium	Consumer Non-Cyclicals
BE0022780820.BR	VDK Bank NV	BE0022780820	EURONEXT - VENTES PUBLIQUES BRUSSELS	Belgium	Financials
HIPAY.PA	Hipay Group SA	FR0012821916	NYSE EURONEXT - EURONEXT PARIS	France	Industrials
ALPRI.PA	Prismaflex International SA	FR0004044600	NYSE EURONEXT - ALTERNEXT PARIS	France	Consumer Cyclicals
DALE.PA	Dalet SA	FR0011026749	NYSE EURONEXT - EURONEXT PARIS	France	Technology
EXEP.PA	Exel Industries SA	FR0004527638	NYSE EURONEXT - EURONEXT PARIS	France	Industrials
ALHVS.PA	Harvest SA	FR0010207795	NYSE EURONEXT - ALTERNEXT PARIS	France	Technology
PASS.PA	Passat SA	FR0000038465	NYSE EURONEXT - EURONEXT PARIS	France	Consumer Cyclicals
ALFPC.PA	Fountaine Pajot SA	FR0010485268	NYSE EURONEXT - ALTERNEXT PARIS	France	Consumer Cyclicals
ALAGR.PA	Agrogeneration SA	FR0010641449	NYSE EURONEXT - ALTERNEXT PARIS	France	Consumer Non-Cyclicals
LAFU.PA	Lafuma SA	FR0000035263	NYSE EURONEXT - EURONEXT PARIS	France	Consumer Cyclicals
ALMOU.PA	Moulinvest SA	FR0011033083	NYSE EURONEXT - ALTERNEXT PARIS	France	Basic Materials
ZENG.BR	Immo Zenobe Gramme NV	BE0003809267	NYSE EURONEXT - EURONEXT BRUSSELS	Belgium	Financials
BE0003783975.BR	Entreprises & Chemins de Fer en Chine SA	BE0003783975	EURONEXT - VENTES PUBLIQUES BRUSSELS	Belgium	Industrials
BLUE.PA	Blue Solutions SA	FR0011592104	NYSE EURONEXT - EURONEXT PARIS	France	Consumer Cyclicals
ALBLU.PA	Bluelinea SA	FR0011041011	NYSE EURONEXT - ALTERNEXT PARIS	France	Healthcare
ANDP.AS	AND International Publishers NV	NL0000430106	NYSE EURONEXT - EURONEXT AMSTERDAM	Netherlands	Technology
BDRP.PA	Bourse Direct Et Bourse Discount SA	FR0000074254	NYSE EURONEXT - EURONEXT PARIS	France	Financials
ALNN6.PA	Enensys Technologies SA	FR0013330792	NYSE EURONEXT - ALTERNEXT PARIS	France	Technology
MCCc.BR	Immo Mechelen City Center NV	BE0974287196	NYSE EURONEXT - EURONEXT BRUSSELS	Belgium	Consumer Non-Cyclicals
ALVER.PA	Vergnet SA	FR0004155240	NYSE EURONEXT - ALTERNEXT PARIS	France	Energy
ALNOX.PA	NOXXON Pharma NV	NL0012044762	NYSE EURONEXT - ALTERNEXT PARIS	Germany	Healthcare
ALMGI.PA	Mg International SA	FR0010204453	NYSE EURONEXT - ALTERNEXT PARIS	France	Industrials
DTNC.PA	Acteos SA	FR0000076861	NYSE EURONEXT - EURONEXT PARIS	France	Technology
ALGEV.PA	Gevelot SA	FR0000033888	NYSE EURONEXT - ALTERNEXT PARIS	France	Industrials
TEDE.PA	Financiere Moncey SA	FR0000076986	NYSE EURONEXT - EURONEXT PARIS	France	Financials
ALVEL.PA	Velcan Holdings SA	FR0010245803	NYSE EURONEXT - ALTERNEXT PARIS	Luxembourg	Utilities
PARF.PA	Paris Realty Fund SA	FR0010263202	NYSE EURONEXT - EURONEXT PARIS	France	Financials
ALCOF.PA	Cofidur SA	FR0013257409	NYSE EURONEXT - ALTERNEXT PARIS	France	Technology
PAPL.BR	Payton Planar Magnetics Ltd	IL0010830391	NYSE EURONEXT - EURONEXT BRUSSELS	Israel	Industrials
COHE.PA	Coheris SA	FR0004031763	NYSE EURONEXT - EURONEXT PARIS	France	Technology
NAVYA.PA	Navya SA	FR0013018041	NYSE EURONEXT - EURONEXT PARIS	France	Consumer Cyclicals
GLOG.BR	Global Graphics PLC	GB00BYN5BY03	NYSE EURONEXT - EURONEXT BRUSSELS	United Kingdom	Technology
EURR.PA	Euro Ressources SA	FR0000054678	NYSE EURONEXT - EURONEXT PARIS	France	Basic Materials
CRTO.PA	Caisse Reg Cred Agric Mut Tourain Poitou	FR0000045304	NYSE EURONEXT - EURONEXT PARIS	France	Financials
CBQP.PA	Unibel SA	FR0000054215	NYSE EURONEXT - EURONEXT PARIS	France	Consumer Non-Cyclicals
GIRO.PA	Signaux Girod SA	FR0000060790	NYSE EURONEXT - EURONEXT PARIS	France	Consumer Cyclicals
EAS2P.AS	Ease2pay NV	NL0000345627	NYSE EURONEXT - EURONEXT AMSTERDAM	Netherlands	Technology
ORPF.PA	Orapi SA	FR0000075392	NYSE EURONEXT - EURONEXT PARIS	France	Basic Materials
ALPAT.PA	Plant Advanced Technologies PAT SA	FR0010785790	NYSE EURONEXT - ALTERNEXT PARIS	France	Healthcare
TIPK.PA	Tipiak SA	FR0000066482	NYSE EURONEXT - EURONEXT PARIS	France	Consumer Non-Cyclicals
SYMA.BR	Softimat SA	BE0003773877	NYSE EURONEXT - ALTERNEXT BRUSSELS	Belgium	Financials
ITS.PA	ITS Group SA	FR0000073843	NYSE EURONEXT - EURONEXT PARIS	France	Technology
ALHIO.PA	Hiolle Industries SA	FR0000077562	NYSE EURONEXT - ALTERNEXT PARIS	France	Industrials
BE0947790037.BR	Volksvermogen NV	BE0947790037	NULL	Belgium	Financials
CFMP.PA	Acanthe Developpement SE	FR0000064602	NYSE EURONEXT - EURONEXT PARIS	France	Financials
ALDIE.PA	Dietswell SA	FR0010377127	NYSE EURONEXT - ALTERNEXT PARIS	France	Energy
IFDE.PA	Compagnie Industrielle et Financiere d Entreprises SA	FR0000066219	NYSE EURONEXT - EURONEXT PARIS	France	Industrials
ARCH.PA	Archos SA	FR0000182479	NYSE EURONEXT - EURONEXT PARIS	France	Technology
ALLAN.PA	Lanson BCC SA	FR0004027068	NYSE EURONEXT - ALTERNEXT PARIS	France	Consumer Non-Cyclicals
MARTI.LS	Martifer SGPS SA	PTMFR0AM0003	NYSE EURONEXT - EURONEXT LISBON	Portugal	Energy
ALDP.PA	ADL Partner SA	FR0000062978	NYSE EURONEXT - EURONEXT PARIS	France	Consumer Cyclicals
ALDAR.PA	Damartex SA	FR0000185423	NYSE EURONEXT - ALTERNEXT PARIS	France	Consumer Cyclicals
ALWIT.PA	Witbe SA	FR0013143872	NYSE EURONEXT - ALTERNEXT PARIS	France	Technology
CNIM.PA	Constructions Industrielles Mediterranee SA	FR0000053399	NYSE EURONEXT - EURONEXT PARIS	France	Industrials
ITLI.PA	IT Link SA	FR0000072597	NYSE EURONEXT - EURONEXT PARIS	France	Technology
LACP.PA	Lacroix SA	FR0000066607	NYSE EURONEXT - EURONEXT PARIS	France	Industrials
ALENT.PA	Entreparticuliers.Com SA	FR0010424697	NYSE EURONEXT - ALTERNEXT PARIS	France	Consumer Cyclicals
ALDUB.PA	Encres Dubuit SA	FR0004030708	NYSE EURONEXT - ALTERNEXT PARIS	France	Basic Materials
ALGEN.PA	Genoway SA	FR0004053510	NYSE EURONEXT - ALTERNEXT PARIS	France	Healthcare
KEYW.BR	Keyware Technologies NV	BE0003880979	NYSE EURONEXT - EURONEXT BRUSSELS	Belgium	Technology
IMMOU.BR	Immo Moury Sicaf Immobiliere Publique de Droit Belge SCA	BE0003893139	NYSE EURONEXT - EURONEXT BRUSSELS	Belgium	Financials
BE0172505399.BR	BNP Paribas Fortis SA	BE0172505399	EURONEXT - VENTES PUBLIQUES BRUSSELS	Belgium	Financials
ALMER.PA	Sapmer SA	FR0010776617	NYSE EURONEXT - ALTERNEXT PARIS	France	Consumer Non-Cyclicals
ALTUR.PA	Altur Investissement SCA	FR0010395681	NYSE EURONEXT - EURONEXT PARIS	France	Financials
PARRO.PA	Parrot SA	FR0004038263	NYSE EURONEXT - EURONEXT PARIS	France	Technology
MEDCL.PA	Medincell SA	FR0004065605	NYSE EURONEXT - EURONEXT PARIS	France	Healthcare
GDSF.PA	Ramsay Generale de Sante SA	FR0000044471	NYSE EURONEXT - EURONEXT PARIS	France	Healthcare
XPO.PA	Xpo Logistics Europe SA	FR0000052870	NYSE EURONEXT - EURONEXT PARIS	France	Industrials
ALECR.PA	Eurofins-Cerep SA	FR0013256518	NYSE EURONEXT - ALTERNEXT PARIS	France	Healthcare
ALBIO.PA	Biosynex SA	FR0011005933	NYSE EURONEXT - ALTERNEXT PARIS	France	Healthcare
ILSB.PA	Financiere Immobiliere Etang Berre Medit SA	FR0000062341	NYSE EURONEXT - EURONEXT PARIS	France	Financials
SNC.LS	Sonaecom SGPS SA	PTSNC0AM0006	NYSE EURONEXT - EURONEXT LISBON	Portugal	Telecommunications Services
CTAN.AS	Ctac NV	NL0000345577	NYSE EURONEXT - EURONEXT AMSTERDAM	Netherlands	Technology
TLVB.PA	Televerbier SA	CH0008175645	NYSE EURONEXT - EURONEXT PARIS	Switzerland	Consumer Cyclicals
DPTP.PA	St Dupont SA	FR0000054199	NYSE EURONEXT - EURONEXT PARIS	France	Industrials
ALCUR.PA	Arcure SA	FR0013398997	NYSE EURONEXT - ALTERNEXT PARIS	France	Technology
COGEC.PA	Cogelec SA	FR0013335742	NYSE EURONEXT - EURONEXT PARIS	France	Technology
PPCF.PA	Exacompta Clairefontaine SA	FR0000064164	NYSE EURONEXT - EURONEXT PARIS	France	Basic Materials
ALICR.PA	I.Ceram SA	FR0011511971	NYSE EURONEXT - ALTERNEXT PARIS	France	Healthcare
DGB.AS	DGB Group NV	NL0009169515	NYSE EURONEXT - EURONEXT AMSTERDAM	Netherlands	Utilities
SCT.LS	Toyota Caetano Portugal SA	PTSCT0AP0018	NYSE EURONEXT - EURONEXT LISBON	Portugal	Consumer Cyclicals
ZENT.BR	Zenitel SA	BE0974311434	NYSE EURONEXT - EURONEXT BRUSSELS	Belgium	Telecommunications Services
ALPAR.PA	Groupe Parot SA	FR0013204070	NYSE EURONEXT - ALTERNEXT PARIS	France	Consumer Cyclicals
ALGTR.PA	Groupe Tera SA	FR0013429404	NYSE EURONEXT - ALTERNEXT PARIS	France	Industrials
BELC.BR	Belreca NV	BE0020575115	NYSE EURONEXT - EURONEXT BRUSSELS	Belgium	Financials
INA.LS	Inapa Investimentos Participacoes e Gestao SA	PTINA0AP0008	NYSE EURONEXT - EURONEXT LISBON	Portugal	Basic Materials
ALMEC.PA	Mecelec Composites SA	FR0000061244	NYSE EURONEXT - ALTERNEXT PARIS	France	Industrials
IEP.BR	Iep Invest NV	BE0003748622	NYSE EURONEXT - EURONEXT BRUSSELS	Belgium	Financials
ALEMV.PA	Emova Group SA	FR0013356755	NYSE EURONEXT - ALTERNEXT PARIS	France	Consumer Cyclicals
DIEGK.BR	Diegem Kennedy	BE0003698124	NYSE EURONEXT - EURONEXT BRUSSELS	Belgium	Financials
ALOSM.PA	Osmozis SAS	FR0013231180	NYSE EURONEXT - ALTERNEXT PARIS	France	Telecommunications Services
SYNB.BR	Accentis NV	BE0003696102	NYSE EURONEXT - EURONEXT BRUSSELS	Belgium	Financials
ALTXC.PA	Txcom SA	FR0010654087	NYSE EURONEXT - ALTERNEXT PARIS	France	Technology
AREIT.PA	Altareit SCA	FR0000039216	NYSE EURONEXT - EURONEXT PARIS	France	Financials
ALMAK.PA	Makheia Group SA	FR0000072993	NYSE EURONEXT - ALTERNEXT PARIS	France	Consumer Cyclicals
ALUVI.PA	UV Germi SA	FR0011898584	NYSE EURONEXT - ALTERNEXT PARIS	France	Industrials
ALFIL.PA	Filae SA	FR0010221069	NYSE EURONEXT - ALTERNEXT PARIS	France	Technology
MRM.PA	MRM SA	FR0000060196	NYSE EURONEXT - EURONEXT PARIS	France	Financials
MEMS.PA	Memscap SA	FR0010298620	NYSE EURONEXT - EURONEXT PARIS	France	Technology
ORANW.AS	Oranjewoud NV	NL0000370419	NYSE EURONEXT - EURONEXT AMSTERDAM	Netherlands	Industrials
SABL.PA	Saint Jean Groupe	FR0000060121	NYSE EURONEXT - EURONEXT PARIS	France	Consumer Non-Cyclicals
GPEP.PA	Groupe Pizzorno Environnement SA	FR0010214064	NYSE EURONEXT - EURONEXT PARIS	France	Industrials
MBRI.PA	MR Bricolage SA	FR0004034320	NYSE EURONEXT - EURONEXT PARIS	France	Consumer Cyclicals
ALBFR.PA	Sidetrade SA	FR0010202606	NYSE EURONEXT - ALTERNEXT PARIS	France	Technology
ALARF.PA	Adeunis RF SA	FR0013284627	NYSE EURONEXT - ALTERNEXT PARIS	France	Industrials
ESON.LS	Estoril Sol SGPS SA	PTESO0AM0000	NYSE EURONEXT - EURONEXT LISBON	Portugal	Consumer Cyclicals
ALODI.PA	O2I SA	FR0010231860	NYSE EURONEXT - ALTERNEXT PARIS	France	Technology
ALNSE.PA	NSE SA	FR0004065639	NYSE EURONEXT - ALTERNEXT PARIS	France	Technology
EGID.PA	Egide SA	FR0000072373	NYSE EURONEXT - EURONEXT PARIS	France	Industrials
ALHIT.PA	Hitechpros SA	FR0010396309	NYSE EURONEXT - ALTERNEXT PARIS	France	Technology
ALINS.PA	Intrasense SA	FR0011179886	NYSE EURONEXT - ALTERNEXT PARIS	France	Healthcare
CBSM.PA	Soc Centrale Bois Scieries Manche SA	FR0006239109	NYSE EURONEXT - EURONEXT PARIS	France	Financials
FBAP.PA	Fashion B Air SA	FR0004034593	NYSE EURONEXT - ALTERNEXT PARIS	France	Consumer Cyclicals
MFBP.PA	Malteries Franco Belges SA	FR0000030074	NYSE EURONEXT - EURONEXT PARIS	France	Consumer Non-Cyclicals
SPIS.PA	Spir Communication SA	FR0000131732	NYSE EURONEXT - EURONEXT PARIS	France	Consumer Cyclicals
AUCP.PA	Augros Cosmetic Packaging SA	FR0000061780	NYSE EURONEXT - EURONEXT PARIS	France	Basic Materials
HFCO.PA	HF Company SA	FR0000038531	NYSE EURONEXT - EURONEXT PARIS	France	Telecommunications Services
SABC.BR	Societe Anonyme Belge de Constructions Aeronautiques SA	BE0003654655	NYSE EURONEXT - EURONEXT BRUSSELS	Belgium	Industrials
VLTZ.PA	Graines Voltz SA	FR0000065971	NYSE EURONEXT - EURONEXT PARIS	France	Consumer Non-Cyclicals
ITFT.PA	Itesoft SA	FR0004026151	NYSE EURONEXT - EURONEXT PARIS	France	Technology
ALEMK.BR	Emakina Group SA	BE0003843605	NYSE EURONEXT - ALTERNEXT BRUSSELS	Belgium	Technology
AFON.PA	Afone Participations SA	FR0000044612	NYSE EURONEXT - EURONEXT PARIS	France	Telecommunications Services
ALPCI.PA	PrimeCity Investment PLC	CY0104972217	NYSE EURONEXT - ALTERNEXT PARIS	Cyprus	Financials
PHLX.AS	Alumexx NV	NL0012194724	NYSE EURONEXT - EURONEXT AMSTERDAM	Netherlands	Consumer Cyclicals
BRIL.AS	Koninklijke Brill NV	NL0000442523	NYSE EURONEXT - EURONEXT AMSTERDAM	Netherlands	Industrials
PRCF.AS	Koninklijke Porceleyne Fles NV	NL0000378669	NYSE EURONEXT - EURONEXT AMSTERDAM	Netherlands	Consumer Cyclicals
BZDK.PA	Business & Decision SA	FR0000078958	NYSE EURONEXT - EURONEXT PARIS	France	Technology
EEPC.PA	Soc D Explosifs Produits Chimiques SA	FR0000039026	NYSE EURONEXT - EURONEXT PARIS	France	Basic Materials
LVIDE.AS	Lavide Holding NV	NL0010545679	NYSE EURONEXT - EURONEXT AMSTERDAM	Netherlands	Financials
FCMC.PA	Fermiere du Casino Municipal Cannes SA	FR0000062101	NYSE EURONEXT - EURONEXT PARIS	France	Consumer Cyclicals
ALU10.PA	U10 SA	FR0000079147	NYSE EURONEXT - ALTERNEXT PARIS	France	Consumer Cyclicals
LU0110790085.BR	BIP Investment Partners SA	LU0110790085	EURONEXT - VENTES PUBLIQUES BRUSSELS	Luxembourg	Financials
DEDAL.PA	Dedalus France SA	FR0000052623	NYSE EURONEXT - EURONEXT PARIS	France	Technology
ALLHB.PA	Les Hotels Baverez SA	FR0007080254	NYSE EURONEXT - ALTERNEXT PARIS	France	Consumer Cyclicals
ALMNG.PA	Madvertise SA	FR0010812230	NYSE EURONEXT - ALTERNEXT PARIS	France	Consumer Cyclicals
ALUPG.PA	Upergy	FR0010337865	NYSE EURONEXT - ALTERNEXT PARIS	France	Consumer Cyclicals
ALTRI.PA	Trilogiq SA	FR0010397901	NYSE EURONEXT - ALTERNEXT PARIS	France	Industrials
ALADM.PA	Adthink SA	FR0010457531	NYSE EURONEXT - ALTERNEXT PARIS	France	Consumer Cyclicals
DILBc.BR	Immobiliere Distri Land NA	BE0003605160	NYSE EURONEXT - EURONEXT BRUSSELS	Belgium	Financials
BRCP.PA	Ste Anonyme des Brasseries du Cameroun SA	CM0000035113	NYSE EURONEXT - EURONEXT PARIS	Cameroon	Consumer Non-Cyclicals
TIVO.PA	Tivoly SA	FR0000060949	NYSE EURONEXT - EURONEXT PARIS	France	Industrials
ALBOU.PA	Bourrelier Group SA	FR0000054421	NYSE EURONEXT - ALTERNEXT PARIS	France	Consumer Cyclicals
ADVA.PA	Advenis SA	FR0004152874	NYSE EURONEXT - EURONEXT PARIS	France	Financials
ALWED.PA	Wedia SA	FR0010688440	NYSE EURONEXT - ALTERNEXT PARIS	France	Technology
DSC1.AS	Dutch Star Companies ONE NV	NL0012747059	NYSE EURONEXT - EURONEXT AMSTERDAM	Netherlands	Financials
LOEX.PA	Fonciere Euris SA	FR0000038499	NYSE EURONEXT - EURONEXT PARIS	France	Consumer Non-Cyclicals
ALSER.PA	Serma Group SA	FR0000073728	NYSE EURONEXT - ALTERNEXT PARIS	France	Industrials
OREGE.PA	Orege SA	FR0010609206	NYSE EURONEXT - EURONEXT PARIS	France	Industrials
FIPP.PA	F I P P SA	FR0000038184	NYSE EURONEXT - EURONEXT PARIS	France	Financials
SCHK.BR	Scheerders Van Kerchove's Verenigde Fabrieken NV	BE0012378593	NYSE EURONEXT - EURONEXT BRUSSELS	Belgium	Consumer Cyclicals
ALAVY.PA	Audiovalley SA	BE0974334667	NYSE EURONEXT - ALTERNEXT PARIS	Belgium	Technology
SNOW.AS	SnowWorld NV	NL0010627865	NYSE EURONEXT - EURONEXT AMSTERDAM	Netherlands	Consumer Cyclicals
BLEE.PA	Bleecker SA	FR0000062150	NYSE EURONEXT - EURONEXT PARIS	France	Financials
ADVIC.PA	Advicenne SA	FR0013296746	NYSE EURONEXT - EURONEXT PARIS	France	Healthcare
ALLOG.PA	Logic Instrument SA	FR0000044943	NYSE EURONEXT - ALTERNEXT PARIS	France	Technology
CAND.BR	Candela Invest SA	BE0974298300	NYSE EURONEXT - ALTERNEXT BRUSSELS	Belgium	Financials
CNV.PA	Cnova NV	NL0010949392	NYSE EURONEXT - EURONEXT PARIS	Netherlands	Technology
ALI2S.PA	I2S SA	FR0005854700	NYSE EURONEXT - ALTERNEXT PARIS	France	Technology
ADUX.PA	Adux SA	FR0012821890	NYSE EURONEXT - EURONEXT PARIS	France	Consumer Cyclicals
ALNSC.PA	NSC Groupe SA	FR0000064529	NYSE EURONEXT - ALTERNEXT PARIS	France	Industrials
YATRA.AS	Yatra Capital Ltd	JE00B1FBT077	NYSE EURONEXT - EURONEXT AMSTERDAM	Jersey	Financials
ARTE.PA	Artea SA	FR0012185536	NYSE EURONEXT - EURONEXT PARIS	France	Consumer Cyclicals
ALMII.PA	M2i SA	FR0013270626	NYSE EURONEXT - ALTERNEXT PARIS	France	Consumer Non-Cyclicals
GNRO.PA	Geneuro SA	CH0308403085	NYSE EURONEXT - EURONEXT PARIS	Switzerland	Healthcare
ALMET.PA	Methanor SCA	FR0011217710	NYSE EURONEXT - ALTERNEXT PARIS	France	Industrials
IEX.AS	IEX Group NV	NL0010556726	NYSE EURONEXT - EURONEXT AMSTERDAM	Netherlands	Technology
BEVA.AS	Bever Holding NV	NL0000285278	NYSE EURONEXT - EURONEXT AMSTERDAM	Netherlands	Financials
SPAB.BR	Societe de Services de Participations de Direction et d'Elaboration SA	BE0003798155	NYSE EURONEXT - EURONEXT BRUSSELS	Belgium	Consumer Non-Cyclicals
KARD.AS	Kardan NV	NL0000113652	NYSE EURONEXT - EURONEXT AMSTERDAM	Netherlands	Financials
FATL.PA	Fonciere Atland SA	FR0000064362	NYSE EURONEXT - EURONEXT PARIS	France	Financials
LZTL.PA	Les Hotels de Paris SA	FR0004165801	NYSE EURONEXT - EURONEXT PARIS	France	Consumer Cyclicals
NEFI.BR	Cie Financiere de Neufcour SA	BE0003680916	NYSE EURONEXT - EURONEXT BRUSSELS	Belgium	Financials
MCP.LS	Grupo Media Capital SGPS SA	PTGMC0AM0003	NYSE EURONEXT - EURONEXT LISBON	Portugal	Consumer Cyclicals
DIGP.PA	Digigram SA	FR0000035784	NYSE EURONEXT - EURONEXT PARIS	France	Technology
YAS.PA	Cast SA	FR0000072894	NYSE EURONEXT - EURONEXT PARIS	France	Technology
ALWEC.PA	We. Connect SA	FR0013079092	NYSE EURONEXT - ALTERNEXT PARIS	France	Technology
ALBI.PA	Gascogne SA	FR0000124414	NYSE EURONEXT - ALTERNEXT PARIS	France	Basic Materials
SDIF.PA	Sodifrance SA	FR0000072563	NYSE EURONEXT - EURONEXT PARIS	France	Technology
ALDV.PA	Alliance Developpement Capital SIIC SE	BE0974269012	NYSE EURONEXT - EURONEXT PARIS	Belgium	Financials
FOU.BR	Fountain SA	BE0003752665	NYSE EURONEXT - EURONEXT BRUSSELS	Belgium	Industrials
UTIN.PA	Union Technologies Informatique Group SA	FR0000074197	NYSE EURONEXT - EURONEXT PARIS	France	Technology
FLEXD.LS	Flexdeal SIMFE SA	PTFXD0AM0018	NYSE EURONEXT - EURONEXT LISBON	Portugal	Financials
FINM.PA	Financiere Marjos SA	FR0000060824	NYSE EURONEXT - EURONEXT PARIS	France	Consumer Cyclicals
ALORD.PA	Ordissimo SA	FR0013318052	NYSE EURONEXT - ALTERNEXT PARIS	France	Technology
FAUV.PA	Etablissements Fauvet Girel SA	FR0000063034	NYSE EURONEXT - EURONEXT PARIS	France	Financials
GENKc.BR	Vortex Logistics Genk NV	BE0003740546	NYSE EURONEXT - EURONEXT BRUSSELS	Belgium	Financials
ALTRO.PA	TronicS Microsystems SA	FR0004175099	NYSE EURONEXT - ALTERNEXT PARIS	France	Technology
CDBP.PA	Baccarat SA	FR0000064123	NYSE EURONEXT - EURONEXT PARIS	France	Consumer Cyclicals
BBUI.PA	Barbara Bui SA	FR0000062788	NYSE EURONEXT - EURONEXT PARIS	France	Consumer Cyclicals
PROAC.PA	Proactis SA	FR0004052561	NYSE EURONEXT - EURONEXT PARIS	France	Technology
SDTC.PA	Soditech SA	FR0000078321	NYSE EURONEXT - EURONEXT PARIS	France	Industrials
LINP.PA	Finatis SA	FR0000035123	NYSE EURONEXT - EURONEXT PARIS	France	Consumer Non-Cyclicals
VAF.LS	VAA Vista Alegre Atlantis SGPS SA	PTVAA0AM0019	NYSE EURONEXT - EURONEXT LISBON	Portugal	Consumer Cyclicals
NEDSE.AS	MKB Nedsense NV	NL0009312842	NYSE EURONEXT - EURONEXT AMSTERDAM	Netherlands	Technology
ALTAN.PA	Le Tanneur et Cie SA	FR0000075673	NYSE EURONEXT - ALTERNEXT PARIS	France	Consumer Cyclicals
ALPHY.PA	Ales Groupe SA	FR0000054652	NYSE EURONEXT - ALTERNEXT PARIS	France	Consumer Non-Cyclicals
ALPLA.PA	Planet Media SA	FR0010211037	NYSE EURONEXT - ALTERNEXT PARIS	France	Consumer Cyclicals
NEXTS.PA	Nextstage SCA	FR0012789386	NYSE EURONEXT - EURONEXT PARIS	France	Financials
NOVI.AS	Novisource NV	NL0010696704	NYSE EURONEXT - EURONEXT AMSTERDAM	Netherlands	Industrials
MUSE.PA	Musee Grevin SA	FR0000037970	NYSE EURONEXT - EURONEXT PARIS	France	Consumer Cyclicals
ALPCV.PA	Cerinnov Group SA	FR0013178712	NYSE EURONEXT - ALTERNEXT PARIS	France	Industrials
EEMA.PA	Electricite et Eaux De Madagascar SA	FR0000035719	NYSE EURONEXT - EURONEXT PARIS	France	Financials
BELU.BR	Beluga NV	BE0003723377	NYSE EURONEXT - EURONEXT BRUSSELS	Belgium	Financials
ALROC.PA	Roctool SA	FR0010523167	NYSE EURONEXT - ALTERNEXT PARIS	France	Industrials
ALIMR.PA	Immersion SA	FR0013060100	NYSE EURONEXT - ALTERNEXT PARIS	France	Consumer Cyclicals
CFI.PA	CFI Compagnie Fonciere Internationale SA	FR0000037475	NYSE EURONEXT - EURONEXT PARIS	France	Financials
ALPER.PA	La Perla Fashion Holding NV	NL0012191662	NYSE EURONEXT - EURONEXT PARIS	Netherlands	Consumer Cyclicals
GLINT.LS	Glintt Global Intelligent Technologies SA	PTPAD0AM0007	NYSE EURONEXT - EURONEXT LISBON	Portugal	Technology
VDNT.PA	Visiodent SA	FR0000065765	NYSE EURONEXT - EURONEXT PARIS	France	Healthcare
DPAP.PA	Les Docks des Petroles d Ambes SA	FR0000065260	NYSE EURONEXT - EURONEXT PARIS	France	Energy
LIG.LS	Lisgrafica Impressao e Artes Graficas SA	PTLIG0AE0002	NYSE EURONEXT - EURONEXT LISBON	Portugal	Industrials
ALMAS.PA	Mastrad SA	FR0004155687	NYSE EURONEXT - ALTERNEXT PARIS	France	Consumer Cyclicals
ALAQU.PA	Aquila SA	FR0010340711	NYSE EURONEXT - ALTERNEXT PARIS	France	Industrials
ENGB.BR	Rosier SA	BE0003575835	NYSE EURONEXT - EURONEXT BRUSSELS	Belgium	Basic Materials
NBZ.AS	Nederlandse Beleggingsmaatschappij voor Zeeschepen NV	NL0010228730	NYSE EURONEXT - EURONEXT AMSTERDAM	Netherlands	Financials
TYNN.PA	Societe de Tayninh SA	FR0000063307	NYSE EURONEXT - EURONEXT PARIS	France	Financials
CRPP.PA	Carpinienne de Participations SA	FR0000064156	NYSE EURONEXT - EURONEXT PARIS	France	Financials
CENER.BR	Cenergy Holdings SA	BE0974303357	NYSE EURONEXT - EURONEXT BRUSSELS	Belgium	Financials
ALEUA.PA	Eurasia Groupe SA	FR0010844001	NYSE EURONEXT - ALTERNEXT PARIS	France	Financials
ALPRE.PA	Predilife SA	FR0010169920	NYSE EURONEXT - ALTERNEXT PARIS	France	Healthcare
FPN.PA	Fonciere Paris Nord SA	FR0011277391	NYSE EURONEXT - EURONEXT PARIS	France	Financials
AMOS.PA	Alpha MOS SA	FR0013421286	NYSE EURONEXT - EURONEXT PARIS	France	Healthcare
ALENR.PA	Groupe Entreprendre SA	FR0000045122	NYSE EURONEXT - ALTERNEXT PARIS	France	Consumer Cyclicals
CRTS.PA	Courtois SA	FR0000065393	NYSE EURONEXT - EURONEXT PARIS	France	Financials
FREY.PA	Frey SA	FR0010588079	NYSE EURONEXT - EURONEXT PARIS	France	Financials
CHSS.PA	La Chausseria SA	FR0000060907	NYSE EURONEXT - EURONEXT PARIS	France	Consumer Cyclicals
SPOE.PA	Fonciere Volta SA	FR0000053944	NYSE EURONEXT - EURONEXT PARIS	France	Financials
ALDEV.PA	Devernois SA	FR0000060840	NYSE EURONEXT - ALTERNEXT PARIS	France	Consumer Cyclicals
TIEH.AS	TIE Kinetix NV	NL0010389508	NYSE EURONEXT - EURONEXT AMSTERDAM	Netherlands	Technology
BLIM.PA	Fonciere 7 Investissement SA	FR0000065930	NYSE EURONEXT - EURONEXT PARIS	France	Financials
ALSAS.PA	Stradim Espace Finance SA	FR0000074775	NYSE EURONEXT - ALTERNEXT PARIS	France	Financials
VDLO.PA	Videlio SA	FR0000066680	NYSE EURONEXT - EURONEXT PARIS	France	Industrials
ITXA.PA	Intexa SA	FR0000064958	NYSE EURONEXT - EURONEXT PARIS	France	Consumer Cyclicals
RSGP.LS	Reditus Sociedade Gestora de Participacoes Sociais SA	PTRED0AP0010	NYSE EURONEXT - EURONEXT LISBON	Portugal	Technology
ALIMO.PA	Groupimo SA	FR0013297488	NYSE EURONEXT - ALTERNEXT PARIS	France	Financials
ALADA.PA	Ada SA	FR0000053076	NYSE EURONEXT - ALTERNEXT PARIS	France	Industrials
JAJP.PA	Groupe JAJ SA	FR0004010338	NYSE EURONEXT - EURONEXT PARIS	France	Consumer Cyclicals
ORE.LS	Sociedade Comercial Orey Antunes SA	PTORE0AM0002	NYSE EURONEXT - EURONEXT LISBON	Portugal	Financials
ALTTI.PA	Travel Technology Interactive SA	FR0010383877	NYSE EURONEXT - ALTERNEXT PARIS	France	Technology
ALWEB.PA	Weborama SA	FR0010337444	NYSE EURONEXT - ALTERNEXT PARIS	France	Consumer Cyclicals
ALGLD.PA	Gold by Gold SA	FR0011208693	NYSE EURONEXT - ALTERNEXT PARIS	France	Basic Materials
SELER.PA	Selectirente SA	FR0004175842	NYSE EURONEXT - EURONEXT PARIS	France	Financials
TCNP.PA	Verneuil Finance SA	FR0000062465	NYSE EURONEXT - EURONEXT PARIS	France	Consumer Cyclicals
ALANV.PA	Anevia SA	FR0011910652	NYSE EURONEXT - ALTERNEXT PARIS	France	Technology
BE0026342551.BR	Koninklijke Maatschappij Voor Dierkunde Van Antwerpen Onroerend Patrimonium NV	BE0026342551	NULL	Belgium	Consumer Cyclicals
ABO.BR	ABO Group Environment SA	BE0974278104	NYSE EURONEXT - EURONEXT BRUSSELS	Belgium	Energy
ALHSW.PA	Horizontal Software SAS	FR0013219367	NYSE EURONEXT - ALTERNEXT PARIS	France	Technology
MORE.AS	Morefield Group NV	CWN814651014	NYSE EURONEXT - EURONEXT AMSTERDAM	Curacao	Industrials
SPSO.LS	Sporting Clube de Portugal Futebol SAD	PTSCP0AM0001	NYSE EURONEXT - EURONEXT LISBON	Portugal	Consumer Cyclicals
ANTA.BR	Antares	BE0003676872	NYSE EURONEXT - EURONEXT BRUSSELS	Belgium	Technology
ALOBR.PA	Ober SA	FR0010330613	NYSE EURONEXT - ALTERNEXT PARIS	France	Consumer Cyclicals
ALDBL.PA	Bernard Loiseau SA	FR0000066961	NYSE EURONEXT - ALTERNEXT PARIS	France	Consumer Cyclicals
ALPBS.BR	Europublidis SA	BE0003842599	NYSE EURONEXT - ALTERNEXT BRUSSELS	Belgium	Consumer Cyclicals
CFOA.PA	Compagnie Financiere de l'Afrique de l'Ouest Africain SA	SN0000033192	NYSE EURONEXT - EURONEXT PARIS	Senegal	Financials
ALSIP.PA	Si Participations SCA	FR0000061582	NYSE EURONEXT - ALTERNEXT PARIS	France	Financials
BASXc.BR	Basilix Cert	BE0003674851	NYSE EURONEXT - EURONEXT BRUSSELS	Belgium	Consumer Cyclicals
BE6264882406.BR	Imbakin Holding SA	BE6264882406	EURONEXT - VENTES PUBLIQUES BRUSSELS	Belgium	Financials
ADVI.PA	Advini SA	FR0000053043	NYSE EURONEXT - EURONEXT PARIS	France	Consumer Non-Cyclicals
ENVI.AS	Envipco Holding NV	NL0009901610	NYSE EURONEXT - EURONEXT AMSTERDAM	Netherlands	Industrials
FSDV.PA	Fayenceri Sarreguemin Digoin Vitry Franc SA	FR0000031973	NYSE EURONEXT - EURONEXT PARIS	France	Consumer Cyclicals
ALINV.PA	Invibes Advertising NV	BE0974299316	NYSE EURONEXT - ALTERNEXT PARIS	Belgium	Consumer Cyclicals
ALPJT.PA	Poujoulat SA	FR0000066441	NYSE EURONEXT - ALTERNEXT PARIS	France	Consumer Cyclicals
IRD.PA	Groupe IRD SA	FR0000124232	NYSE EURONEXT - EURONEXT PARIS	France	Financials
ALVIA.PA	Vialife SA	FR0010326090	NYSE EURONEXT - ALTERNEXT PARIS	France	Consumer Cyclicals
SUCB.BR	Sucrerie et Raffinerie de l'Afrique Centrale NV	BE0003463685	NYSE EURONEXT - EURONEXT BRUSSELS	Belgium	Consumer Non-Cyclicals
ALEVA.BR	Evadix SA	BE0003840577	NYSE EURONEXT - ALTERNEXT BRUSSELS	Belgium	Industrials
WOLS.BR	Association des Commercants du Woluwe Shoppingcenter ASBL	BE0003571792	NYSE EURONEXT - EURONEXT BRUSSELS	Belgium	Financials
CROS.PA	Crosswood SA	FR0000050395	NYSE EURONEXT - EURONEXT PARIS	France	Financials
PADI.PA	Fiducial Real Estate SA	FR0000060535	NYSE EURONEXT - EURONEXT PARIS	France	Financials
NSEN.AS	New Sources Energy NV	NL0009822014	NYSE EURONEXT - EURONEXT AMSTERDAM	Netherlands	Utilities
EFIN.PA	Eurasia Fonciere Investissements SA	FR0000061475	NYSE EURONEXT - EURONEXT PARIS	France	Financials
EUMD.PA	Euromedis Groupe SA	FR0000075343	NYSE EURONEXT - EURONEXT PARIS	France	Healthcare
KAZI.PA	Orchestra Premaman SA	FR0013190410	NYSE EURONEXT - EURONEXT PARIS	France	Consumer Cyclicals
BE0945331669.BR	Arkimedes Fonds NV	BE0945331669	NULL	Belgium	Financials
FCPP.LS	Futebol Clube do Porto Futebol SAD	PTFCP0AM0008	NYSE EURONEXT - EURONEXT LISBON	Portugal	Consumer Cyclicals
ALTRA.PA	Traqueur SA	FR0004043487	NYSE EURONEXT - ALTERNEXT PARIS	France	Industrials
ALCES.PA	Cesar SA	FR0013297165	NYSE EURONEXT - ALTERNEXT PARIS	France	Consumer Cyclicals
COMAE.LS	Compta Equipamentos e Servicos de Informatica SA	PTCOM0AE0007	NULL	Portugal	Technology
SFCA.PA	Societe Francaise de Casinos SA	FR0010209809	NYSE EURONEXT - EURONEXT PARIS	France	Consumer Cyclicals
ALQP.PA	Quadpack Industries SA	ES0105118006	NYSE EURONEXT - ALTERNEXT PARIS	Spain	Basic Materials
SACP.PA	Fiducial Office Solutions SA	FR0000061418	NYSE EURONEXT - EURONEXT PARIS	France	Technology
GPA.LS	Imobiliaria Construtora Grao Para SA	PTGPA0AP0007	NYSE EURONEXT - EURONEXT LISBON	Portugal	Consumer Cyclicals
ALUNT.PA	Uniti SA	FR0012709160	NYSE EURONEXT - ALTERNEXT PARIS	France	Financials
ALSIM.PA	Klimvest PLC	GB00B19RTX44	NYSE EURONEXT - ALTERNEXT PARIS	United Kingdom	Technology
GALIM.PA	Galimmo SCA	FR0000030611	NYSE EURONEXT - EURONEXT PARIS	France	Financials
ALUCR.PA	Ucar SA	FR0011070457	NYSE EURONEXT - ALTERNEXT PARIS	France	Consumer Non-Cyclicals
ALISA.LS	ISA Intelligent Sensing Anywhere SA	PTIAN0AM0001	NYSE EURONEXT - ALTERNEXT LISBON	Portugal	Technology
ALNOR.LS	Nexponor Sociedade Especial de Investimento Imobiliario de Capital Fixo SICAFI SA	PTNEX0AM0002	NYSE EURONEXT - ALTERNEXT LISBON	Portugal	Financials
ARCPF.AS	Arcona Property Fund NV	NL0006311706	NYSE EURONEXT - EURONEXT AMSTERDAM	Netherlands	Financials
ALIVA.PA	Ivalis SA	FR0010082305	NYSE EURONEXT - ALTERNEXT PARIS	France	Industrials
LU0006040975.BR	Banque Internationale a Luxembourg SA	LU0006040975	EURONEXT - VENTES PUBLIQUES BRUSSELS	Luxembourg	Financials
BE0046318490.BR	Bem Invest SA	BE0046318490	NULL	Belgium	Financials
BE0020918638.BR	Bouwonderneming Vooruitzicht NV	BE0020918638	NULL	Belgium	Financials
BE0003243426.BR	Societe des Charbonnages D'Ans et de Rocour SA	BE0003243426	EURONEXT - VENTES PUBLIQUES BRUSSELS	Belgium	Energy
BE0003245447.BR	Charbonnages D'Argenteau SA	BE0003245447	EURONEXT - VENTES PUBLIQUES BRUSSELS	Belgium	Energy
BE0011395465.BR	Societe des Charbonnages de Gosson Kessales SA	BE0011395465	NULL	Belgium	Energy
BE0011844108.BR	Charbonnages de Maurage SA	BE0011844108	EURONEXT - VENTES PUBLIQUES BRUSSELS	Belgium	Energy
BE0156881329.BR	Societe des Charbonnages du Bois du Luc SA	BE0156881329	EURONEXT - VENTES PUBLIQUES BRUSSELS	Belgium	Energy
BE0003256550.BR	Charbonnages du Hasard SA	BE0003256550	EURONEXT - VENTES PUBLIQUES BRUSSELS	Belgium	Energy
BE0010566900.BR	Centrale Sociale de Bruxelles Anciennement Patria SA	BE0010566900	NULL	Belgium	Industrials
BE0027840017.BR	Compagnie Het Zoute NV	BE0027840017	EURONEXT - VENTES PUBLIQUES BRUSSELS	Belgium	Industrials
BE0010621481.BR	Societe Nationale des Chemins de Fer Belges SA	BE0010621481	EURONEXT - VENTES PUBLIQUES BRUSSELS	Belgium	Industrials
BE0049483135.BR	Eupen Finanz AG	BE0049483135	EURONEXT - VENTES PUBLIQUES BRUSSELS	Belgium	Industrials
BE0945246784.BR	Fimmobel SA	BE0945246784	EURONEXT - VENTES PUBLIQUES BRUSSELS	Belgium	Industrials
BE0012544319.BR	Societe Financiere des Sucres SA	BE0012544319	NULL	Belgium	Consumer Non-Cyclicals
BE0003704187.BR	Fonciere Oppidum SA	BE0003704187	NULL	Belgium	Financials
BE0057677594.BR	Grottes de Han Sur Lesse et de Rochefort SA	BE0057677594	EURONEXT - VENTES PUBLIQUES BRUSSELS	Belgium	Consumer Cyclicals
BE0011254027.BR	Immo Fond'Roy SA	BE0011254027	NULL	Belgium	Financials
BE0016250517.BR	Societe Immobiliere et Industrielle D'Ans SA	BE0016250517	NULL	Belgium	Financials
BE0049482129.BR	Kabelwerk Eupen AG	BE0049482129	EURONEXT - VENTES PUBLIQUES BRUSSELS	Belgium	Consumer Cyclicals
LU0092281103.BR	KBL European Private Bankers SA	LU0092281103	EURONEXT - VENTES PUBLIQUES BRUSSELS	Luxembourg	Financials
BE0038785821.BR	Metalen Galler Metaux Galler NV	BE0038785821	EURONEXT - VENTES PUBLIQUES BRUSSELS	Belgium	Consumer Cyclicals
BE0010610377.BR	Mics Partners SA	BE0010610377	EURONEXT - VENTES PUBLIQUES BRUSSELS	Belgium	Financials
BE0157892739.BR	Pantech SA	BE0157892739	EURONEXT - VENTES PUBLIQUES BRUSSELS	Belgium	Consumer Cyclicals
BE0003660710.BR	Roton Compagnie Industrielle et Financiere SA	BE0003660710	EURONEXT - VENTES PUBLIQUES BRUSSELS	Belgium	Basic Materials
BE0003279784.BR	Saint Gobain Innovative Materials Belgium SA	BE0003279784	EURONEXT - VENTES PUBLIQUES BRUSSELS	Belgium	Consumer Cyclicals
BE0017609521.BR	Utexbel NV	BE0017609521	EURONEXT - VENTES PUBLIQUES BRUSSELS	Belgium	Consumer Cyclicals
LU0006067663.BR	ArcelorMittal Schifflange SA	LU0006067663	NULL	Luxembourg	Basic Materials
NL0000009645.BR	Koninklijke Luchtvaart Maatschappij NV	NL0000009645	EURONEXT - VENTES PUBLIQUES BRUSSELS	Netherlands	Industrials
NSCEX0000018.BR	Foyer SA	NSCEX0000018	NULL	Luxembourg	Financials
BE0101624659.BR	Le Certificat Foncier Het Vastgoedcertificaat SA	BE0101624659	NULL	Belgium	Financials
BE0003640514.BR	Financiere Patience Beaujonc SA	BE0003640514	EURONEXT - VENTES PUBLIQUES BRUSSELS	Belgium	Financials
ALMTH.PA	Methorios Capital SpA	IT0004615396	NYSE EURONEXT - ALTERNEXT PARIS	Italy	Financials
BE0107958945.BR	Immolease Trust NV	BE0107958945	EURONEXT - VENTES PUBLIQUES BRUSSELS	Belgium	Financials
QX0000022625.BR	Societe Luxembourgeoise d'Investissements et de Participations SA	QX0000022625	NULL	Luxembourg	Financials
BE0946377455.BR	Abattoir NV	BE0946377455	EURONEXT - VENTES PUBLIQUES BRUSSELS	Belgium	Financials
BE0003706208.BR	Cibix SCA	BE0003706208	NULL	Belgium	Financials
BE0011606630.BR	Group Reinsurance Company SA	BE0011606630	EURONEXT - VENTES PUBLIQUES BRUSSELS	Belgium	Financials
BE0010381029.BR	Charbonnages du Bonnier SA	BE0010381029	EURONEXT - VENTES PUBLIQUES BRUSSELS	Belgium	Energy
BE6265912038.BR	Infrabel SA	BE6265912038	EURONEXT - VENTES PUBLIQUES BRUSSELS	Belgium	Industrials
BE0010012210.BR	Voor Het Kopen Bouwen Verkopen en Verhuren Van Werkmanswoonsten NV	BE0010012210	EURONEXT - VENTES PUBLIQUES BRUSSELS	Belgium	Financials
BE0024981525.BR	Basse Sambre	BE0024981525	EURONEXT - VENTES PUBLIQUES BRUSSELS	Belgium	Energy
BE0020932779.BR	Immobiliere Agricole et Forestiere SA	BE0020932779	EURONEXT - VENTES PUBLIQUES BRUSSELS	Belgium	Financials
BE0003886067.BR	Tetrys SA	BE0003886067	EURONEXT - VENTES PUBLIQUES BRUSSELS	Belgium	Financials
BE0010342609.BR	Maatschappij Van de Brugse Zeehaven NV	BE0010342609	EURONEXT - VENTES PUBLIQUES BRUSSELS	Belgium	Industrials
BE0036061746.BR	Tissages Bruggeman NV	BE0036061746	EURONEXT - VENTES PUBLIQUES BRUSSELS	Belgium	Consumer Cyclicals
BE0035966762.BR	Nmc SA	BE0035966762	EURONEXT - VENTES PUBLIQUES BRUSSELS	Belgium	Basic Materials
BE0003222214.BR	Messer Belgium NV	BE0003222214	EURONEXT - VENTES PUBLIQUES BRUSSELS	Belgium	Consumer Cyclicals
BE0021556221.BR	Centrale Kredietverlening NV	BE0021556221	EURONEXT - VENTES PUBLIQUES BRUSSELS	Belgium	Financials
BE0942448938.BR	Optimco NV	BE0942448938	EURONEXT - VENTES PUBLIQUES BRUSSELS	Belgium	Financials
BE0015460372.BR	Credimo NV	BE0015460372	EURONEXT - VENTES PUBLIQUES BRUSSELS	Belgium	Financials
BE0162868054.BR	Credimo Holding NV	BE0162868054	EURONEXT - VENTES PUBLIQUES BRUSSELS	Belgium	NULL
BE0032095854.BR	Beurrerie du Pays D'Herve Aubel SA	BE0032095854	EURONEXT - VENTES PUBLIQUES BRUSSELS	Belgium	Consumer Non-Cyclicals
BE0051300847.BR	Arma SA	BE0051300847	EURONEXT - VENTES PUBLIQUES BRUSSELS	Belgium	Consumer Cyclicals
BE0034169251.BR	Old England SA	BE0034169251	EURONEXT - VENTES PUBLIQUES BRUSSELS	Belgium	Consumer Cyclicals
ALPTR.LS	Patris Investimentos SGPS SA	PTPRS0AM0009	NYSE EURONEXT - ALTERNEXT LISBON	Portugal	Financials
ALWOO.PA	Safwood SpA	IT0004013725	NYSE EURONEXT - ALTERNEXT PARIS	Italy	Basic Materials
SYMS.PA	Symetis SA	CH0356719804	NULL	Switzerland	Healthcare
NL0012237614.BR	CBRE BV	NL0012237614	EURONEXT - VENTES PUBLIQUES BRUSSELS	Netherlands	Industrials
BE0125443227.BR	Sobemo SAS	BE0125443227	EURONEXT - VENTES PUBLIQUES BRUSSELS	France	Industrials
BE0003849669.BR	EMD Music SA	BE0003849669	EURONEXT - VENTES PUBLIQUES BRUSSELS	Belgium	Consumer Cyclicals
ALELB.PA	Elsalys Biotech SAS	FR0013331931	NYSE EURONEXT - ALTERNEXT PARIS	France	Healthcare
ALAM.PA	Affluent Medical SASU	FR0013333077	NYSE EURONEXT - ALTERNEXT PARIS	France	Healthcare
BE0003860773.BR	Ice Concept SA	BE0003860773	EURONEXT - VENTES PUBLIQUES BRUSSELS	Belgium	Financials
ALMBG.PA	MyBest Group SpA	IT0005119109	NYSE EURONEXT - ALTERNEXT PARIS	Italy	Industrials
THISR.AS	Themis Bioscience BV	NL0013089170	NYSE EURONEXT - EURONEXT AMSTERDAM	Austria	Healthcare
BE0003866838.BR	Immopool SA	BE0003866838	EURONEXT - VENTES PUBLIQUES BRUSSELS	Belgium	Basic Materials
ALKER.PA	Media-Maker SpA	IT0005380438	NYSE EURONEXT - ALTERNEXT PARIS	Italy	Consumer Cyclicals
CMCOM.AS	CM.com BV	NL0013746431	NYSE EURONEXT - EURONEXT AMSTERDAM	Netherlands	Technology
FDJ.PA	La Francaise des Jeux SA	FR0013451333	NYSE EURONEXT - EURONEXT PARIS	France	Consumer Cyclicals
BE6317091633.BR	Belgium Visa Service SPRL	BE6317091633	NULL	Belgium	Technology
ALAGP.PA	Agripower France SASU	FR0013452281	NYSE EURONEXT - ALTERNEXT PARIS	France	Energy
ALTLX.PA	Toolux Sanding SA	LU0394945660	NYSE EURONEXT - ALTERNEXT PARIS	China	Industrials
LFVE.PA	La Fonciere Verte SA	FR0000039638	NYSE EURONEXT - EURONEXT PARIS	France	Financials
ALRGR.PA	Rougier SA	FR0000037640	NYSE EURONEXT - ALTERNEXT PARIS	France	Basic Materials
FOEQ.PA	Forestiere Equatoriale SA	CI0000053161	NYSE EURONEXT - EURONEXT PARIS	Ivory Coast	Industrials
SLCO.PA	Selcodis SA	FR0000065492	NYSE EURONEXT - EURONEXT PARIS	France	Consumer Cyclicals
IPO-SAIC.PA	Saic Velcorex Concord SA	NULL	NULL	France	Consumer Cyclicals
IPO-APIT.BR	Apitope International NV	NULL	NULL	Belgium	Healthcare
IPO-RAIZ.LS	Raizecrowd Servicos de Informacao e Tecnologia Lda	NULL	NULL	Portugal	Financials
IPO-NQG.PA	NewQuest Group SAS	NULL	NULL	France	Industrials
IPO-INCLS.BR	Inclusio SCA	NULL	NULL	Belgium	Financials
IPO-LBCFR.PA	Lbc France SASU	NULL	NULL	France	Technology
IPO-TAPA1.LS	TAP Transportes Aereos Portugueses SGPS SA	NULL	NULL	Portugal	Industrials
